{
  "train_loss": [
    1.4052772239861206,
    1.3807249000406197,
    1.3498579210361188,
    1.3247847705004363,
    1.3064268842920082,
    1.2745489950303908,
    1.2182198186629434,
    1.1973584240133113,
    1.1693432933152323,
    1.0909437090803535,
    1.0482671682280724,
    0.9699781397720436,
    0.9363984144783295,
    0.8993138547927614,
    0.8778973103945733,
    0.9266372889839382,
    0.8640462606500238,
    0.7761245732011561,
    0.833597678728778,
    0.8324889710111192,
    0.8020373603482267,
    0.7424054538876808,
    0.7478224751237151,
    0.6956069541699959,
    0.7098758801237329,
    0.6756318294984782,
    0.7770651446448432,
    0.665476604973599,
    0.7044683598508739,
    0.694173681615579,
    0.6767175066006648,
    0.7093118761180971,
    0.6379171286482488,
    0.7335938063018765,
    0.6893325710365439,
    0.6635569568836328,
    0.8057353744259128,
    0.7211991481450729,
    0.5859876238938534,
    0.6791050685260547,
    0.6156820789044037,
    0.6288947270374106,
    0.6191065932421114,
    0.5762247050135338,
    0.6085352422871115
  ],
  "train_acc": [
    0.2554112554112554,
    0.2784992784992785,
    0.354978354978355,
    0.38095238095238093,
    0.42424242424242425,
    0.46464646464646464,
    0.5266955266955267,
    0.5396825396825397,
    0.5656565656565656,
    0.5858585858585859,
    0.6378066378066378,
    0.683982683982684,
    0.7402597402597403,
    0.7619047619047619,
    0.7431457431457431,
    0.7662337662337663,
    0.7633477633477633,
    0.834054834054834,
    0.784992784992785,
    0.8066378066378066,
    0.8181818181818182,
    0.8686868686868687,
    0.8427128427128427,
    0.8614718614718615,
    0.84992784992785,
    0.898989898989899,
    0.8398268398268398,
    0.8874458874458875,
    0.8759018759018758,
    0.9033189033189033,
    0.8831168831168831,
    0.9033189033189033,
    0.9264069264069265,
    0.886002886002886,
    0.8787878787878788,
    0.9105339105339105,
    0.8383838383838383,
    0.86002886002886,
    0.9336219336219336,
    0.8903318903318903,
    0.9163059163059163,
    0.9177489177489178,
    0.9235209235209235,
    0.948051948051948,
    0.9336219336219336
  ],
  "val_loss": [
    1.3808556000391643,
    1.3680211702982585,
    1.356651693059687,
    1.3467173618182802,
    1.3316131286453783,
    1.2948642780906277,
    1.2318210246270163,
    1.1244239828042817,
    1.0358666202478242,
    1.004159272762767,
    0.9394731417036893,
    0.8843122616148832,
    0.8133160147750587,
    0.7488805097446107,
    0.7198158052929661,
    0.7092999554516977,
    0.6558630048182973,
    0.6537780259784899,
    0.6627723856976158,
    0.6514459911145662,
    0.6507130767169752,
    0.6609624300086707,
    0.6580750544865926,
    0.6365070468501041,
    0.649107459344362,
    0.6665771038908708,
    0.6259071753736127,
    0.643924777967888,
    0.629547097181019,
    0.6369171341260275,
    0.626899384615714,
    0.6279193455712837,
    0.6316821407853511,
    0.6299015409068057,
    0.6225311254200182,
    0.6325614368706419,
    0.6295442518435026,
    0.6189984836076435,
    0.6090209139020819,
    0.6166484167701319,
    0.5967699686686198,
    0.6184723941903365,
    0.6231434847179212,
    0.6143579179780525,
    0.6105618173615974
  ],
  "val_acc": [
    0.2982456140350877,
    0.3157894736842105,
    0.38596491228070173,
    0.3684210526315789,
    0.3508771929824561,
    0.43859649122807015,
    0.43859649122807015,
    0.5614035087719298,
    0.6491228070175439,
    0.5789473684210527,
    0.6140350877192983,
    0.7543859649122807,
    0.8070175438596491,
    0.8596491228070176,
    0.8947368421052632,
    0.8245614035087719,
    0.8771929824561403,
    0.8947368421052632,
    0.8596491228070176,
    0.8947368421052632,
    0.8596491228070176,
    0.8596491228070176,
    0.8421052631578947,
    0.8596491228070176,
    0.8771929824561403,
    0.8596491228070176,
    0.8771929824561403,
    0.8596491228070176,
    0.8771929824561403,
    0.8771929824561403,
    0.8947368421052632,
    0.8947368421052632,
    0.8771929824561403,
    0.8947368421052632,
    0.8947368421052632,
    0.8947368421052632,
    0.8245614035087719,
    0.8421052631578947,
    0.8596491228070176,
    0.8771929824561403,
    0.8947368421052632,
    0.8771929824561403,
    0.8771929824561403,
    0.8947368421052632,
    0.8947368421052632
  ],
  "epoch_times": [
    0.19472098350524902,
    0.1921241283416748,
    0.19062447547912598,
    0.19231224060058594,
    0.19001102447509766,
    0.18984484672546387,
    0.19152569770812988,
    0.19147324562072754,
    0.19216036796569824,
    0.19339990615844727,
    0.19198107719421387,
    0.19332122802734375,
    0.1917886734008789,
    0.19270539283752441,
    0.1928081512451172,
    0.19105768203735352,
    0.18958425521850586,
    0.18870210647583008,
    0.18776583671569824,
    0.1882321834564209,
    0.18720293045043945,
    0.18793630599975586,
    0.18781542778015137,
    0.18799996376037598,
    0.1882631778717041,
    0.18784260749816895,
    0.18809747695922852,
    0.18801021575927734,
    0.18854212760925293,
    0.18764877319335938,
    0.18839478492736816,
    0.18815135955810547,
    0.1877584457397461,
    0.1876082420349121,
    0.18732213973999023,
    0.18788480758666992,
    0.1883678436279297,
    0.18848943710327148,
    0.18866515159606934,
    0.18864226341247559,
    0.18837523460388184,
    0.18868756294250488,
    0.18815088272094727,
    0.1885509490966797,
    0.18816232681274414
  ]
}