{
  "train_loss": [
    1.4056816317818381,
    1.3906418683725001,
    1.3796922484517613,
    1.3755666156867883,
    1.3700988782948746,
    1.3758202197747829,
    1.3675572608972524,
    1.3773784833553033,
    1.3720168210727313,
    1.3740978431908084,
    1.361884299294773,
    1.3692345995923658,
    1.3435363996596563,
    1.3509024061681905,
    1.3432687619031767,
    1.3290635858263289,
    1.3563104996949564,
    1.3202567033437422,
    1.3272575950209713,
    1.3247317447290792,
    1.3253338078915815,
    1.3039305395894236,
    1.296436679311645,
    1.304134017461306,
    1.282127518674512,
    1.2846283437885764,
    1.2807364339952345,
    1.2630543889421406,
    1.2613247643301497,
    1.2679649906241017,
    1.2557955278462662,
    1.2456224196917052,
    1.239067213875907,
    1.2510647825348429,
    1.248079794309872,
    1.228159694960623,
    1.2316077173530282,
    1.1931123733520508,
    1.20169608107893,
    1.2281019692813164,
    1.173339428323688,
    1.1888727697975192,
    1.1928319765891864,
    1.1889871962658771,
    1.1760510149456205,
    1.140233807233505,
    1.176475240038587,
    1.1566020281283886,
    1.1313545729690817,
    1.1547744831481537,
    1.1404855230669955,
    1.1531569906127401,
    1.15275226991414,
    1.1453611272754092,
    1.187270450385618,
    1.17435102080886,
    1.1390408432328856,
    1.1307920114302532,
    1.1390232621849357
  ],
  "train_acc": [
    0.2554112554112554,
    0.2727272727272727,
    0.30303030303030304,
    0.26406926406926406,
    0.2987012987012987,
    0.2727272727272727,
    0.2813852813852814,
    0.29004329004329005,
    0.31601731601731603,
    0.3203463203463203,
    0.2813852813852814,
    0.2857142857142857,
    0.3463203463203463,
    0.341991341991342,
    0.36796536796536794,
    0.37662337662337664,
    0.3463203463203463,
    0.36363636363636365,
    0.4025974025974026,
    0.3722943722943723,
    0.3722943722943723,
    0.4069264069264069,
    0.4199134199134199,
    0.41125541125541126,
    0.4069264069264069,
    0.42857142857142855,
    0.42857142857142855,
    0.4329004329004329,
    0.4458874458874459,
    0.46320346320346323,
    0.47186147186147187,
    0.48484848484848486,
    0.4805194805194805,
    0.4458874458874459,
    0.45454545454545453,
    0.47186147186147187,
    0.5108225108225108,
    0.5108225108225108,
    0.5151515151515151,
    0.48484848484848486,
    0.5541125541125541,
    0.4935064935064935,
    0.5194805194805194,
    0.5238095238095238,
    0.5627705627705628,
    0.5757575757575758,
    0.5151515151515151,
    0.5584415584415584,
    0.5497835497835498,
    0.5584415584415584,
    0.5974025974025974,
    0.5324675324675324,
    0.5497835497835498,
    0.5497835497835498,
    0.5108225108225108,
    0.5324675324675324,
    0.5627705627705628,
    0.5887445887445888,
    0.5411255411255411
  ],
  "val_loss": [
    1.3798489026856005,
    1.3797579731857568,
    1.3835383068051255,
    1.3836859255506282,
    1.3806869000719304,
    1.3930556899622868,
    1.4226373162185937,
    1.4111819058133845,
    1.3882268771790622,
    1.3909715183994227,
    1.4353879962051124,
    1.3987991140599836,
    1.411432341525429,
    1.3958082450063605,
    1.431419573332134,
    1.4335661540951645,
    1.4085798598172372,
    1.4931237279323109,
    1.424298031288281,
    1.5045640217630487,
    1.4011441030000384,
    1.4867865202719706,
    1.4833976302230567,
    1.4495161646290828,
    1.428023848617286,
    1.4627539860574823,
    1.4281758592839826,
    1.4183578114760549,
    1.4147569714931019,
    1.4256315001270228,
    1.4418239530764128,
    1.5166290747491937,
    1.4491176437913327,
    1.5045736212479441,
    1.4693579799250553,
    1.506557953985114,
    1.503558499771252,
    1.5162237004229897,
    1.546404110757928,
    1.479061574266668,
    1.4884988508726422,
    1.5243971766087048,
    1.4980151046786392,
    1.5029554053356773,
    1.5069127438361185,
    1.5427180403157283,
    1.5290528807723731,
    1.5404536640434934,
    1.5609846010542752,
    1.5267793253848427,
    1.5594304988258763,
    1.5642637788203724,
    1.5577748114602608,
    1.5567536939654434,
    1.553017302563316,
    1.5623236936435365,
    1.5810820031584354,
    1.5876504831146776,
    1.563784867002253
  ],
  "val_acc": [
    0.3157894736842105,
    0.2807017543859649,
    0.22807017543859648,
    0.2807017543859649,
    0.3157894736842105,
    0.14035087719298245,
    0.17543859649122806,
    0.19298245614035087,
    0.24561403508771928,
    0.2807017543859649,
    0.2631578947368421,
    0.2631578947368421,
    0.22807017543859648,
    0.24561403508771928,
    0.2631578947368421,
    0.17543859649122806,
    0.21052631578947367,
    0.2807017543859649,
    0.14035087719298245,
    0.21052631578947367,
    0.22807017543859648,
    0.24561403508771928,
    0.24561403508771928,
    0.2631578947368421,
    0.2631578947368421,
    0.24561403508771928,
    0.21052631578947367,
    0.24561403508771928,
    0.3333333333333333,
    0.24561403508771928,
    0.24561403508771928,
    0.22807017543859648,
    0.21052631578947367,
    0.22807017543859648,
    0.24561403508771928,
    0.2807017543859649,
    0.19298245614035087,
    0.17543859649122806,
    0.22807017543859648,
    0.2631578947368421,
    0.2807017543859649,
    0.21052631578947367,
    0.24561403508771928,
    0.3157894736842105,
    0.3157894736842105,
    0.17543859649122806,
    0.24561403508771928,
    0.2631578947368421,
    0.22807017543859648,
    0.2807017543859649,
    0.2807017543859649,
    0.2631578947368421,
    0.22807017543859648,
    0.2982456140350877,
    0.2631578947368421,
    0.2982456140350877,
    0.17543859649122806,
    0.15789473684210525,
    0.24561403508771928
  ],
  "epoch_times": [
    0.03527665138244629,
    0.03131699562072754,
    0.03051447868347168,
    0.031026363372802734,
    0.030719280242919922,
    0.03002023696899414,
    0.03129124641418457,
    0.03175187110900879,
    0.03151512145996094,
    0.030210018157958984,
    0.030216693878173828,
    0.030126571655273438,
    0.030652284622192383,
    0.031216144561767578,
    0.03000044822692871,
    0.029921293258666992,
    0.031045198440551758,
    0.031073808670043945,
    0.03046250343322754,
    0.030428409576416016,
    0.029956817626953125,
    0.03009319305419922,
    0.03048539161682129,
    0.030878543853759766,
    0.031238079071044922,
    0.030034780502319336,
    0.030803203582763672,
    0.02984309196472168,
    0.03088855743408203,
    0.031209230422973633,
    0.030666351318359375,
    0.030267715454101562,
    0.03089618682861328,
    0.030924558639526367,
    0.0316007137298584,
    0.0315241813659668,
    0.03165769577026367,
    0.03049492835998535,
    0.030381441116333008,
    0.03142213821411133,
    0.03108072280883789,
    0.030946731567382812,
    0.030562639236450195,
    0.02931690216064453,
    0.031348466873168945,
    0.030824661254882812,
    0.030968189239501953,
    0.030121564865112305,
    0.029662132263183594,
    0.02984905242919922,
    0.029961109161376953,
    0.029256582260131836,
    0.030677080154418945,
    0.031385183334350586,
    0.03067302703857422,
    0.030420780181884766,
    0.030576705932617188,
    0.0308988094329834,
    0.03056049346923828
  ]
}