{
  "train_loss": [
    1.4133624120536132,
    1.3837509437384887,
    1.3652412033012247,
    1.3384868386503939,
    1.3131165347918115,
    1.280382520708687,
    1.240860899289449,
    1.2223206804944324,
    1.1783830505428892,
    1.1300355933961415,
    1.0829851419206649,
    1.0201612960380566,
    0.9702856077948346,
    0.9583967636846017,
    0.9167461921642353,
    0.9744093180734874,
    0.9146952778746039,
    0.8065533672404324,
    0.8881868609962353,
    0.8597664384098797,
    0.8157730448297608,
    0.7810582834232765,
    0.7619246071551269,
    0.7192509230253157,
    0.7439424553818861,
    0.736496898777041,
    0.7892463347440503,
    0.7040193830045615,
    0.7343663297174297,
    0.6847157126553303,
    0.6595809179295021,
    0.738428959598789,
    0.6617928411365416,
    0.7403038778862396,
    0.6896447351828626,
    0.6770882970326907,
    0.8218102518786256,
    0.7395337870798758,
    0.5830791769777713,
    0.6978274958818333,
    0.6391634357956065,
    0.6255043987587933,
    0.5813185988910614,
    0.6092223420115604,
    0.609097907037446,
    0.6526840488287966,
    0.7654655162046138
  ],
  "train_acc": [
    0.2554112554112554,
    0.3059163059163059,
    0.32756132756132755,
    0.37518037518037517,
    0.3997113997113997,
    0.42712842712842713,
    0.4963924963924964,
    0.49783549783549785,
    0.5497835497835498,
    0.5772005772005772,
    0.6291486291486291,
    0.6536796536796536,
    0.6984126984126984,
    0.6984126984126984,
    0.7243867243867244,
    0.6984126984126984,
    0.7344877344877345,
    0.8138528138528138,
    0.7518037518037518,
    0.7950937950937951,
    0.7994227994227994,
    0.8326118326118326,
    0.8614718614718615,
    0.8513708513708513,
    0.8427128427128427,
    0.8686868686868687,
    0.8427128427128427,
    0.8715728715728716,
    0.847041847041847,
    0.9033189033189033,
    0.9076479076479076,
    0.886002886002886,
    0.9090909090909091,
    0.8759018759018758,
    0.8816738816738817,
    0.9004329004329005,
    0.8282828282828283,
    0.8571428571428571,
    0.9235209235209235,
    0.9033189033189033,
    0.922077922077922,
    0.9235209235209235,
    0.9307359307359307,
    0.9105339105339105,
    0.9408369408369408,
    0.9177489177489178,
    0.886002886002886
  ],
  "val_loss": [
    1.3719407048141747,
    1.3415527385577821,
    1.3525763059917248,
    1.3463158398343806,
    1.3352901454557453,
    1.352238885143347,
    1.3221197630229748,
    1.2569391978414435,
    1.2085036792253192,
    1.1464282546127051,
    1.117505853636223,
    1.0734692121806897,
    1.0730695306209095,
    1.050930052472834,
    1.078761284811455,
    1.1214783505389565,
    1.0579616312395062,
    1.0818517291755008,
    1.0365155119644969,
    1.0574683264682168,
    1.0626472297467684,
    1.028460889531855,
    1.077349342797932,
    1.0413961473264193,
    1.0468476571534808,
    1.0511588339220013,
    1.0845526435918975,
    1.1641163595935755,
    1.0533955850099261,
    1.030573384803638,
    0.9911355721323114,
    1.102839009803638,
    1.0118480377029955,
    1.0738249473404466,
    0.9982181431954367,
    1.0184132801859003,
    1.031090493787799,
    0.9950069105416014,
    0.9746697304541605,
    0.9724944328006945,
    0.9589878467091343,
    0.9788364715743483,
    0.9541756855814081,
    0.9653088732769615,
    0.9738882989214178,
    0.9577385438115973,
    0.9781760583844101
  ],
  "val_acc": [
    0.3157894736842105,
    0.43859649122807015,
    0.3508771929824561,
    0.3684210526315789,
    0.42105263157894735,
    0.3508771929824561,
    0.3333333333333333,
    0.5087719298245614,
    0.5614035087719298,
    0.6140350877192983,
    0.6666666666666666,
    0.6140350877192983,
    0.5789473684210527,
    0.631578947368421,
    0.5789473684210527,
    0.5614035087719298,
    0.6842105263157895,
    0.631578947368421,
    0.6491228070175439,
    0.6491228070175439,
    0.5964912280701754,
    0.5964912280701754,
    0.5964912280701754,
    0.6140350877192983,
    0.631578947368421,
    0.631578947368421,
    0.6491228070175439,
    0.5263157894736842,
    0.5789473684210527,
    0.5789473684210527,
    0.5964912280701754,
    0.5789473684210527,
    0.5789473684210527,
    0.5964912280701754,
    0.6140350877192983,
    0.6140350877192983,
    0.5964912280701754,
    0.5789473684210527,
    0.631578947368421,
    0.6140350877192983,
    0.5964912280701754,
    0.631578947368421,
    0.6491228070175439,
    0.631578947368421,
    0.6140350877192983,
    0.631578947368421,
    0.6140350877192983
  ],
  "epoch_times": [
    0.1989891529083252,
    0.19256877899169922,
    0.19138503074645996,
    0.1927952766418457,
    0.19263029098510742,
    0.19310951232910156,
    0.19234704971313477,
    0.19237899780273438,
    0.1927165985107422,
    0.19262433052062988,
    0.19310355186462402,
    0.19401240348815918,
    0.19363093376159668,
    0.1929183006286621,
    0.1920609474182129,
    0.19356393814086914,
    0.19275498390197754,
    0.1926887035369873,
    0.1932663917541504,
    0.19506549835205078,
    0.19754505157470703,
    0.1945323944091797,
    0.19284725189208984,
    0.19285941123962402,
    0.19474363327026367,
    0.1921539306640625,
    0.1908268928527832,
    0.19164156913757324,
    0.1929764747619629,
    0.19136881828308105,
    0.19227147102355957,
    0.1919267177581787,
    0.19185280799865723,
    0.1910724639892578,
    0.19035696983337402,
    0.19137310981750488,
    0.19034767150878906,
    0.188704252243042,
    0.18840432167053223,
    0.18790817260742188,
    0.18874168395996094,
    0.18770384788513184,
    0.18795418739318848,
    0.18829011917114258,
    0.19370007514953613,
    0.19255900382995605,
    0.19133615493774414
  ]
}