{
  "train_loss": [
    1.4261634733425763,
    1.363978260523313,
    1.3436207650887846,
    1.3033211439374894,
    1.264281324837975,
    1.2058979422499092,
    1.0885242505851074,
    0.9970216163653144,
    1.0021593341063628,
    0.8742140791288874,
    0.8643490319472199,
    0.8085118649153826,
    0.7563663585189445,
    0.7556206112644202,
    0.7022779111738329,
    0.8068192369838125,
    0.7692752448683349,
    0.6502911236035015,
    0.7087508759973369,
    0.745476582521656,
    0.6773641095705019,
    0.6368173993855156,
    0.6299495987733893,
    0.6031483902043594,
    0.599346681418701,
    0.6172278033190476,
    0.7221176865124943,
    0.5884998412359328,
    0.6101931173564036,
    0.6136326891347271,
    0.5801646352502347,
    0.6423829881659834,
    0.5652662061509632,
    0.6573486670443162,
    0.6116892851964392,
    0.5930999074061367,
    0.7361524292572924,
    0.6557810273005332,
    0.5288937367918172,
    0.6129151543153485,
    0.549496527960118,
    0.5538025543115184,
    0.5260505656487325,
    0.5179841655157346,
    0.5299688864063907,
    0.6099439720054726,
    0.6777517408519597,
    0.5561399224602643,
    0.5380974163396706,
    0.5388239395050776,
    0.5725423169858528,
    0.5852493280800218,
    0.669839682861152,
    0.5607680360132138,
    0.5694488679175769,
    0.5934403682339932,
    0.6022330527267759,
    0.5319418957481137,
    0.5173238285348185,
    0.5644647210707396,
    0.5440631709229551,
    0.593495884197959,
    0.5463113316897878,
    0.5242512315984756,
    0.6299735409614844,
    0.48356495369736424,
    0.6351352954151654,
    0.5257081070331612,
    0.4955709429100306,
    0.578933057459918,
    0.57244051569296,
    0.5286766125526263,
    0.6197921306023866,
    0.5004464860516366,
    0.48884843399514366,
    0.5660564559706706,
    0.5852443705733549,
    0.5303407216828967,
    0.6238985471051148,
    0.5277205746927303,
    0.5683701098567308,
    0.5641997432897962,
    0.68216563767685,
    0.5562715313651345,
    0.6065742414751094,
    0.647412159312167,
    0.49272525620150875,
    0.5694161401510582,
    0.5205607014301019,
    0.5330858758689693,
    0.5461992275663269,
    0.5583477338069102,
    0.5345868887151303,
    0.5061419167559901,
    0.5932771714476796,
    0.6464662404373439,
    0.5799773541449812,
    0.48816530120493185,
    0.5334166026906706,
    0.5195419747506042
  ],
  "train_acc": [
    0.24675324675324675,
    0.3217893217893218,
    0.35064935064935066,
    0.37806637806637805,
    0.4660894660894661,
    0.5137085137085137,
    0.6334776334776335,
    0.6796536796536796,
    0.6825396825396826,
    0.7647907647907648,
    0.7907647907647908,
    0.8023088023088023,
    0.8268398268398268,
    0.8556998556998557,
    0.8816738816738817,
    0.8585858585858586,
    0.8398268398268398,
    0.9163059163059163,
    0.8759018759018758,
    0.8802308802308803,
    0.9105339105339105,
    0.9393939393939394,
    0.9134199134199135,
    0.9062049062049062,
    0.924963924963925,
    0.9408369408369408,
    0.8903318903318903,
    0.9408369408369408,
    0.948051948051948,
    0.9451659451659452,
    0.9682539682539683,
    0.9408369408369408,
    0.9668109668109668,
    0.9278499278499278,
    0.9307359307359307,
    0.9552669552669553,
    0.8903318903318903,
    0.9018759018759018,
    0.9653679653679653,
    0.9494949494949495,
    0.9523809523809523,
    0.9682539682539683,
    0.9567099567099567,
    0.9797979797979798,
    0.9884559884559885,
    0.9451659451659452,
    0.9278499278499278,
    0.9668109668109668,
    0.9841269841269841,
    0.9783549783549783,
    0.9725829725829725,
    0.9408369408369408,
    0.9393939393939394,
    0.9711399711399712,
    0.961038961038961,
    0.987012987012987,
    0.963924963924964,
    0.9797979797979798,
    0.9783549783549783,
    0.961038961038961,
    0.9812409812409812,
    0.9754689754689755,
    0.961038961038961,
    0.9797979797979798,
    0.950937950937951,
    0.9913419913419913,
    0.9783549783549783,
    0.9797979797979798,
    0.9725829725829725,
    0.9682539682539683,
    0.961038961038961,
    0.9668109668109668,
    0.963924963924964,
    0.9884559884559885,
    0.9942279942279942,
    0.9826839826839827,
    0.9826839826839827,
    0.9725829725829725,
    0.9523809523809523,
    0.987012987012987,
    0.9624819624819625,
    0.9567099567099567,
    0.9581529581529582,
    0.9711399711399712,
    0.9567099567099567,
    0.9408369408369408,
    0.98989898989899,
    0.9624819624819625,
    0.9841269841269841,
    0.9841269841269841,
    0.98989898989899,
    0.9725829725829725,
    0.9826839826839827,
    0.9884559884559885,
    0.9278499278499278,
    0.9278499278499278,
    0.963924963924964,
    0.9884559884559885,
    1.0,
    0.9884559884559885
  ],
  "val_loss": [
    1.3861632472590397,
    1.3990602765166968,
    1.4148133679440147,
    1.4360560743432296,
    1.4363151746883727,
    1.4245911711140682,
    1.290288856154994,
    1.3555664514240466,
    1.2505904206058436,
    1.254476980159157,
    1.1756672775536252,
    1.2304373624032003,
    1.2712420455196447,
    1.2329591073487933,
    1.2438940897322537,
    1.2261725120377123,
    1.226556943173994,
    1.171824520094353,
    1.175833735549659,
    1.25408150856955,
    1.2039438486099243,
    1.2173878728297718,
    1.2245955153515464,
    1.2852054834365845,
    1.24539567922291,
    1.287852588452791,
    1.1910147164997302,
    1.2059025973604436,
    1.2594587008158367,
    1.2206160771219354,
    1.1919643418830739,
    1.2254407991442764,
    1.2313443317747952,
    1.241809606552124,
    1.1910403736850672,
    1.2255615602459824,
    1.2654011939701282,
    1.2098255659404553,
    1.2011783896831043,
    1.2096528735077172,
    1.1940466646562542,
    1.219374365973891,
    1.2669097498843545,
    1.2368955946805185,
    1.2033611180489523,
    1.2126458736888148,
    1.16732979239079,
    1.186885770998503,
    1.160777861611885,
    1.1594667622917576,
    1.1965361979969762,
    1.21880645082708,
    1.1786932464231525,
    1.1701370101226003,
    1.1640029518227828,
    1.173829248076991,
    1.1663678006121987,
    1.1828502583922,
    1.189482145142137,
    1.1523597114964534,
    1.149059023773461,
    1.1548473814077544,
    1.1744988780272634,
    1.1614416105705394,
    1.1247763905608863,
    1.1292038382145397,
    1.1589940388997395,
    1.1294748406661184,
    1.1510835781432034,
    1.1346586879930998,
    1.1760346136595075,
    1.149373315928275,
    1.1469171298177618,
    1.1501425860220926,
    1.1134561436218129,
    1.1498485468981559,
    1.1603843015536928,
    1.1560414464850175,
    1.1824366439852798,
    1.1553195338500173,
    1.1487385348269814,
    1.1404475078248142,
    1.1807379199747454,
    1.1540798241632026,
    1.1627334314480162,
    1.154948918442977,
    1.152204442442509,
    1.1455925493909602,
    1.1383336468746788,
    1.1638869758237873,
    1.1613559053655256,
    1.1608631359903436,
    1.171293390424628,
    1.1432717076519079,
    1.1372054146047224,
    1.1525818987896568,
    1.1625546844382035,
    1.1629319421032018,
    1.1798337049651564,
    1.1532540049469262
  ],