{
  "train_loss": [
    1.394633464999013,
    1.391003235077961,
    1.389418691267699,
    1.3914949811382211,
    1.3857693021947688,
    1.3848827416762646,
    1.383711270955734,
    1.3695831995505792,
    1.3827623428204359,
    1.3831348099233784,
    1.377550331029025,
    1.3854305837061498,
    1.3747147966772963,
    1.3685188840478013,
    1.36474647614863,
    1.3409774339560308,
    1.3624021299989708,
    1.3491021534065148,
    1.3449062423788625,
    1.3367943309602284,
    1.3451250270331576,
    1.3381359855850021,
    1.34787726763523,
    1.3312742338552104,
    1.3241530027224389,
    1.331244556418745,
    1.309556990990907,
    1.30142850432045,
    1.3122096629369826,
    1.3010490756014208,
    1.2873257950786905,
    1.2756175458173216,
    1.2526154590375496,
    1.259767534412863,
    1.2750125757027497,
    1.2418335289150089,
    1.2662844038628913,
    1.2610725396639342,
    1.2590770045400181,
    1.2366250128973097,
    1.225347141166786,
    1.2474370792314604,
    1.2181214119964865,
    1.232876265203798,
    1.1890208633431107,
    1.1529152532676599,
    1.1274399143276792,
    1.159028131724436,
    1.113407782145909,
    1.1023116467835068,
    1.1023977050533542,
    1.1274554801709724,
    1.117540809499237,
    1.1405582629240953,
    1.086376606643974,
    1.1013333730367354,
    1.0868170364594563,
    1.0821794240505664,
    1.0473212008868462,
    1.0668839386531286,
    1.045112860667241,
    1.0137256724493844,
    1.040279264573927,
    1.0370737120702669
  ],
  "train_acc": [
    0.22943722943722944,
    0.26406926406926406,
    0.2727272727272727,
    0.24242424242424243,
    0.2510822510822511,
    0.2510822510822511,
    0.2727272727272727,
    0.3333333333333333,
    0.3203463203463203,
    0.2510822510822511,
    0.2943722943722944,
    0.2987012987012987,
    0.2857142857142857,
    0.2943722943722944,
    0.341991341991342,
    0.3463203463203463,
    0.30735930735930733,
    0.341991341991342,
    0.36796536796536794,
    0.36363636363636365,
    0.3722943722943723,
    0.3722943722943723,
    0.38961038961038963,
    0.39826839826839827,
    0.41125541125541126,
    0.3939393939393939,
    0.39826839826839827,
    0.4155844155844156,
    0.3939393939393939,
    0.3852813852813853,
    0.45454545454545453,
    0.4458874458874459,
    0.49783549783549785,
    0.47186147186147187,
    0.43722943722943725,
    0.42857142857142855,
    0.4199134199134199,
    0.4199134199134199,
    0.4458874458874459,
    0.45454545454545453,
    0.46320346320346323,
    0.47619047619047616,
    0.48917748917748916,
    0.45454545454545453,
    0.5411255411255411,
    0.5021645021645021,
    0.5584415584415584,
    0.5281385281385281,
    0.5584415584415584,
    0.5584415584415584,
    0.5627705627705628,
    0.5800865800865801,
    0.5367965367965368,
    0.5584415584415584,
    0.5800865800865801,
    0.5670995670995671,
    0.5757575757575758,
    0.5714285714285714,
    0.6363636363636364,
    0.5930735930735931,
    0.6147186147186147,
    0.6623376623376623,
    0.6147186147186147,
    0.6363636363636364
  ],
  "val_loss": [
    1.38994006106728,
    1.393045845784639,
    1.4005716516260516,
    1.4042828794111286,
    1.4059660351067258,
    1.4018519280249613,
    1.4032482703526814,
    1.4103735769004153,
    1.414813940985161,
    1.3957403375391375,
    1.4113329795368932,
    1.3876351829160725,
    1.4014018857688235,
    1.414432444070515,
    1.3944618367312247,
    1.4091179119913202,
    1.398228735254522,
    1.4610410405878436,
    1.4020932201753582,
    1.471726187488489,
    1.4203733707729138,
    1.427362366726524,
    1.4151071874718917,
    1.4235655968649346,
    1.4519911523450886,
    1.4626545550530416,
    1.4709185069067436,
    1.4253542632387395,
    1.473992950037906,
    1.4607539616133038,
    1.4447337786356609,
    1.4553979593410826,
    1.4457096405196608,
    1.4333842637246115,
    1.5473595732136776,
    1.6028091782017757,
    1.4725930230659352,
    1.5208005507787068,
    1.5017508456581516,
    1.5140725374221802,
    1.7248900313126414,
    1.6019121743085092,
    1.434048849239684,
    1.472877682301036,
    1.5599258134239598,
    1.5084480779212819,
    1.76723565553364,
    1.6658330151909275,
    1.5428961118062336,
    1.6056490404564037,
    1.6740547544077824,
    1.6492693633363957,
    1.8085918029149373,
    1.6859494615019412,
    1.6057050081721522,
    1.7064560672693085,
    1.582699229842738,
    1.5927548575819583,
    1.6863068321294952,
    1.6702692404127957,
    1.667628093769676,
    1.8112993700462474,
    1.7240344725157086,
    1.7339383572862859
  ],
  "val_acc": [
    0.2807017543859649,
    0.2807017543859649,
    0.22807017543859648,
    0.19298245614035087,
    0.22807017543859648,
    0.21052631578947367,
    0.15789473684210525,
    0.15789473684210525,
    0.15789473684210525,
    0.24561403508771928,
    0.19298245614035087,
    0.2807017543859649,
    0.2807017543859649,
    0.22807017543859648,
    0.3157894736842105,
    0.21052631578947367,
    0.2807017543859649,
    0.2807017543859649,
    0.3157894736842105,
    0.19298245614035087,
    0.2631578947368421,
    0.2807017543859649,
    0.2631578947368421,
    0.3333333333333333,
    0.19298245614035087,
    0.22807017543859648,
    0.24561403508771928,
    0.2982456140350877,
    0.2807017543859649,
    0.2807017543859649,
    0.3333333333333333,
    0.2807017543859649,
    0.2807017543859649,
    0.38596491228070173,
    0.2807017543859649,
    0.2631578947368421,
    0.3684210526315789,
    0.3508771929824561,
    0.21052631578947367,
    0.3157894736842105,
    0.2631578947368421,
    0.2807017543859649,
    0.3684210526315789,
    0.3508771929824561,
    0.24561403508771928,
    0.3508771929824561,
    0.2807017543859649,
    0.2631578947368421,
    0.3684210526315789,
    0.2982456140350877,
    0.2807017543859649,
    0.2982456140350877,
    0.2807017543859649,
    0.24561403508771928,
    0.3333333333333333,
    0.2631578947368421,
    0.2982456140350877,
    0.3157894736842105,
    0.2631578947368421,
    0.3157894736842105,
    0.3333333333333333,
    0.2631578947368421,
    0.3157894736842105,
    0.3157894736842105
  ],
  "epoch_times": [
    0.034003257751464844,
    0.029866933822631836,
    0.03133106231689453,
    0.030650615692138672,
    0.03149819374084473,
    0.030646324157714844,
    0.029992103576660156,
    0.031455039978027344,
    0.030731916427612305,
    0.030755281448364258,
    0.03079986572265625,
    0.03041553497314453,
    0.03119516372680664,
    0.03081965446472168,
    0.02977609634399414,
    0.03104877471923828,
    0.03071904182434082,
    0.031241178512573242,
    0.03039073944091797,
    0.031228065490722656,
    0.03049612045288086,
    0.030133962631225586,
    0.029883861541748047,
    0.030377626419067383,
    0.03069591522216797,
    0.031059980392456055,
    0.03132057189941406,
    0.030391931533813477,
    0.03072810173034668,
    0.030399799346923828,
    0.030431032180786133,
    0.03218245506286621,
    0.03058028221130371,
    0.031078100204467773,
    0.03130006790161133,
    0.030548572540283203,
    0.030569076538085938,
    0.029874324798583984,
    0.03145575523376465,
    0.030745983123779297,
    0.029865264892578125,
    0.03134608268737793,
    0.031568050384521484,
    0.030447959899902344,
    0.029999732971191406,
    0.03002619743347168,
    0.02968311309814453,
    0.0304718017578125,
    0.029894113540649414,
    0.030309677124023438,
    0.03050065040588379,
    0.031430959701538086,
    0.030457258224487305,
    0.030559539794921875,
    0.030824661254882812,
    0.03106212615966797,
    0.030016422271728516,
    0.03038477897644043,
    0.03034830093383789,
    0.03024005889892578,
    0.031009674072265625,
    0.03021526336669922,
    0.030437469482421875,
    0.030642986297607422
  ]
}