{
  "train_loss": [
    1.3989035952486861,
    1.3767172578093294,
    1.3432699249248312,
    1.2816247461850165,
    1.2184775169793662,
    1.1200224386493194,
    0.9809216307355212,
    0.900931211088987,
    0.9345405747708132,
    0.8417082985414227,
    0.8541871740188434,
    0.7830879804375884,
    0.7549344567853479,
    0.7508688196647391,
    0.7323129075602192,
    0.8358694569545047,
    0.7891685746792935,
    0.6815647650590707,
    0.7361847108920759,
    0.7644772574327037,
    0.7283996877732215,
    0.6679904315550778,
    0.681614589725566,
    0.6626532125094581,
    0.6492575061269653,
    0.6455264315116629,
    0.7291394926252819,
    0.6126474961745962,
    0.6355970287735844,
    0.6570578244599429,
    0.6258462080019721,
    0.6883507349446394,
    0.6147494190527075,
    0.6769522505921203,
    0.6594919302590826,
    0.6063705336135875,
    0.7517418304907123,
    0.6798570262749302,
    0.5347841845618354,
    0.6564128957957588,
    0.5974580470101658,
    0.5796028255642235,
    0.5547277793223724,
    0.5371489118876052,
    0.5508467662558068,
    0.6142676329887963,
    0.7026780800729947,
    0.5907296089382915,
    0.5592615342931486,
    0.5629468346054936,
    0.5845386755758893,
    0.5758481099233999
  ],
  "train_acc": [
    0.2828282828282828,
    0.30303030303030304,
    0.4069264069264069,
    0.4574314574314574,
    0.5281385281385281,
    0.6118326118326118,
    0.7128427128427128,
    0.746031746031746,
    0.7445887445887446,
    0.7936507936507936,
    0.7835497835497836,
    0.810966810966811,
    0.823953823953824,
    0.8412698412698413,
    0.8441558441558441,
    0.823953823953824,
    0.8297258297258298,
    0.8802308802308803,
    0.873015873015873,
    0.8542568542568543,
    0.8614718614718615,
    0.9018759018759018,
    0.8917748917748918,
    0.8744588744588745,
    0.9004329004329005,
    0.9090909090909091,
    0.8715728715728716,
    0.922077922077922,
    0.9177489177489178,
    0.911976911976912,
    0.9264069264069265,
    0.9177489177489178,
    0.9451659451659452,
    0.9062049062049062,
    0.911976911976912,
    0.950937950937951,
    0.873015873015873,
    0.9134199134199135,
    0.9581529581529582,
    0.9235209235209235,
    0.9451659451659452,
    0.950937950937951,
    0.9552669552669553,
    0.9668109668109668,
    0.9682539682539683,
    0.937950937950938,
    0.9076479076479076,
    0.9538239538239538,
    0.963924963924964,
    0.9668109668109668,
    0.9624819624819625,
    0.9437229437229437
  ],
  "val_loss": [
    1.407858037112052,
    1.385988758321394,
    1.3785710585744757,
    1.3143553712911773,
    1.1977534712406628,
    1.0669911116884465,
    0.9071132885782343,
    0.8386665864994651,
    0.7349195584916232,
    0.7492071358781112,
    0.7661071346517194,
    0.6348341577931454,
    0.7597470011627465,
    0.6612812343396639,
    0.6518619562450209,
    0.6255566174523872,
    0.6063102441921568,
    0.6558179573008889,
    0.6384505221718236,
    0.6151110624012194,
    0.6408243043380871,
    0.5930430910043549,
    0.6428453775874355,
    0.5959236946022302,
    0.6184765978863365,
    0.6052789102520859,
    0.6007646782356396,
    0.6654037550876015,
    0.5903799324704889,
    0.5957495915262323,
    0.6254048305645323,
    0.6287745477860434,
    0.587196711908307,
    0.594036296794289,
    0.6018643285098829,
    0.6206800770341304,
    0.5958036686244764,
    0.5842507220151132,
    0.6108102861203646,
    0.6005245729496604,
    0.5951127315822401,
    0.5948698029183505,
    0.6039992989155284,
    0.6105416030214544,
    0.6056533424477828,
    0.597458633414486,
    0.6008966701072559,
    0.5925292811895672,
    0.6051996203891018,
    0.5891689103946351,
    0.5972674708617361,
    0.6001283191798026
  ],
  "val_acc": [
    0.22807017543859648,
    0.24561403508771928,
    0.38596491228070173,
    0.42105263157894735,
    0.5964912280701754,
    0.6666666666666666,
    0.7368421052631579,
    0.7368421052631579,
    0.8245614035087719,
    0.8421052631578947,
    0.7894736842105263,
    0.8947368421052632,
    0.8421052631578947,
    0.8596491228070176,
    0.8947368421052632,
    0.8947368421052632,
    0.8947368421052632,
    0.8596491228070176,
    0.8596491228070176,
    0.8771929824561403,
    0.8421052631578947,
    0.9298245614035088,
    0.8421052631578947,
    0.8771929824561403,
    0.8947368421052632,
    0.9122807017543859,
    0.8947368421052632,
    0.8421052631578947,
    0.8947368421052632,
    0.8771929824561403,
    0.8596491228070176,
    0.9122807017543859,
    0.8596491228070176,
    0.8947368421052632,
    0.8771929824561403,
    0.8421052631578947,
    0.9122807017543859,
    0.9298245614035088,
    0.8771929824561403,
    0.8596491228070176,
    0.8947368421052632,
    0.8947368421052632,
    0.8771929824561403,
    0.8596491228070176,
    0.8596491228070176,
    0.8947368421052632,
    0.8771929824561403,
    0.8947368421052632,
    0.8596491228070176,
    0.8771929824561403,
    0.8771929824561403,
    0.8947368421052632
  ],
  "epoch_times": [
    0.19397258758544922,
    0.1935744285583496,
    0.2019057273864746,
    0.2015984058380127,
    0.19483661651611328,
    0.20007991790771484,
    0.1969585418701172,
    0.19331049919128418,
    0.192671537399292,
    0.19150233268737793,
    0.19040155410766602,
    0.18889522552490234,
    0.18954777717590332,
    0.18825459480285645,
    0.188812255859375,
    0.18934226036071777,
    0.18949389457702637,
    0.18938755989074707,
    0.18925023078918457,
    0.18924188613891602,
    0.18913769721984863,
    0.18931913375854492,
    0.19004034996032715,
    0.19211888313293457,
    0.19557905197143555,
    0.19227290153503418,
    0.1923072338104248,
    0.1919727325439453,
    0.19283127784729004,
    0.1938776969909668,
    0.19637179374694824,
    0.19271111488342285,
    0.20164966583251953,
    0.20061683654785156,
    0.19131016731262207,
    0.191697359085083,
    0.19224786758422852,
    0.19318294525146484,
    0.19157075881958008,
    0.19359779357910156,
    0.19233918190002441,
    0.19249749183654785,
    0.19139432907104492,
    0.19122099876403809,
    0.19133925437927246,
    0.19162321090698242,
    0.1915450096130371,
    0.1914958953857422,
    0.19170260429382324,
    0.19227194786071777,
    0.1935267448425293,
    0.1935594081878662
  ]
}