{
  "train_loss": [
    1.4008121877521664,
    1.3841209153592329,
    1.3925693380884279,
    1.3795321947568422,
    1.381937206049502,
    1.3666075349370121,
    1.3646444046136104,
    1.3590797640028454,
    1.345122477708957,
    1.3380000064899396,
    1.3138276126993682,
    1.2995856799088514,
    1.2882975603078868,
    1.2722247018442525,
    1.305111829852645,
    1.287769458510659,
    1.2607609074869197,
    1.256753328042629,
    1.2230590556091043,
    1.2438294196025634,
    1.2601022947402227,
    1.2540237217238455,
    1.2464195180248905,
    1.251042787130777,
    1.1975634588307633,
    1.1676204844470663,
    1.1870227345140465,
    1.1778579552968342,
    1.17752206325531,
    1.169636242317431,
    1.1326609359675155,
    1.1653132015492493,
    1.1233487650429532,
    1.1487360857265851,
    1.1746946495848816,
    1.136197769280636,
    1.1140204461622032,
    1.0724947664128754,
    1.0716218896758505,
    1.0919471091522284,
    1.079060817693735,
    1.0700142827384915,
    1.0883235611440816,
    1.068664700437934
  ],
  "train_acc": [
    0.19913419913419914,
    0.24242424242424243,
    0.2554112554112554,
    0.3116883116883117,
    0.2597402597402597,
    0.30303030303030304,
    0.30735930735930733,
    0.36363636363636365,
    0.3463203463203463,
    0.3722943722943723,
    0.3463203463203463,
    0.4458874458874459,
    0.4025974025974026,
    0.4199134199134199,
    0.38961038961038963,
    0.3722943722943723,
    0.42424242424242425,
    0.4458874458874459,
    0.5021645021645021,
    0.45454545454545453,
    0.43722943722943725,
    0.48484848484848486,
    0.42424242424242425,
    0.47186147186147187,
    0.5064935064935064,
    0.5151515151515151,
    0.5064935064935064,
    0.5194805194805194,
    0.5108225108225108,
    0.5151515151515151,
    0.5497835497835498,
    0.48917748917748916,
    0.5541125541125541,
    0.5714285714285714,
    0.5064935064935064,
    0.5367965367965368,
    0.5714285714285714,
    0.6103896103896104,
    0.5800865800865801,
    0.5800865800865801,
    0.5541125541125541,
    0.6060606060606061,
    0.5670995670995671,
    0.6103896103896104
  ],
  "val_loss": [
    1.3915307103541859,
    1.3994081940567284,
    1.4006847812418353,
    1.4204388689576535,
    1.4131515318887276,
    1.408417862758302,
    1.404735385325917,
    1.376696270808839,
    1.4096865758561252,
    1.4260423476235908,
    1.4199442445186146,
    1.3776399461846602,
    1.4066340421375476,
    1.465374975873713,
    1.393342704103704,
    1.3732334940057052,
    1.410021702448527,
    1.4799790737921732,
    1.478275225873579,
    1.5982842382631803,
    1.4255126756534242,
    1.410794276940195,
    1.5188607625793993,
    1.4735031127929688,
    1.4163352543847603,
    1.5283635101820294,
    1.55479395598696,
    2.004005793939557,
    1.8208337583039935,
    1.4692594419445908,
    1.5921108471719843,
    1.469151312844795,
    1.5538655875021952,
    2.057106486538,
    1.503954619692083,
    1.4092622075164527,
    1.5111894795769139,
    1.4989925141920124,
    1.6300561281672694,
    1.514238993326823,
    1.5271940775084913,
    1.5965880322874637,
    1.7516927384493644,
    1.5866151190640634
  ],
  "val_acc": [
    0.2982456140350877,
    0.17543859649122806,
    0.21052631578947367,
    0.17543859649122806,
    0.22807017543859648,
    0.21052631578947367,
    0.24561403508771928,
    0.3333333333333333,
    0.3508771929824561,
    0.22807017543859648,
    0.3157894736842105,
    0.3333333333333333,
    0.3157894736842105,
    0.38596491228070173,
    0.3157894736842105,
    0.38596491228070173,
    0.2631578947368421,
    0.3157894736842105,
    0.2807017543859649,
    0.3333333333333333,
    0.24561403508771928,
    0.24561403508771928,
    0.2631578947368421,
    0.2807017543859649,
    0.2631578947368421,
    0.24561403508771928,
    0.3157894736842105,
    0.19298245614035087,
    0.2631578947368421,
    0.24561403508771928,
    0.24561403508771928,
    0.3508771929824561,
    0.2807017543859649,
    0.2631578947368421,
    0.21052631578947367,
    0.38596491228070173,
    0.3333333333333333,
    0.2982456140350877,
    0.2631578947368421,
    0.3508771929824561,
    0.3684210526315789,
    0.2982456140350877,
    0.2807017543859649,
    0.2807017543859649
  ],
  "epoch_times": [
    0.03355598449707031,
    0.03141665458679199,
    0.030874252319335938,
    0.029966115951538086,
    0.030579328536987305,
    0.030066251754760742,
    0.0309603214263916,
    0.030290603637695312,
    0.0308377742767334,
    0.03133034706115723,
    0.03021693229675293,
    0.029432058334350586,
    0.029523372650146484,
    0.029381990432739258,
    0.02982950210571289,
    0.029250144958496094,
    0.029179096221923828,
    0.029541492462158203,
    0.029226064682006836,
    0.02929520606994629,
    0.030080795288085938,
    0.031037092208862305,
    0.03054666519165039,
    0.0303494930267334,
    0.029822826385498047,
    0.02973651885986328,
    0.029355525970458984,
    0.029225826263427734,
    0.029375076293945312,
    0.02924346923828125,
    0.029523372650146484,
    0.029381513595581055,
    0.029223203659057617,
    0.0294339656829834,
    0.029297828674316406,
    0.029382944107055664,
    0.02931976318359375,
    0.029440879821777344,
    0.029376506805419922,
    0.029217958450317383,
    0.029417037963867188,
    0.029310226440429688,
    0.029495716094970703,
    0.029288530349731445
  ]
}