{
  "train_loss": [
    1.4021924378035904,
    1.3794310227100983,
    1.3811347825186593,
    1.3711247211926942,
    1.3686307880269502,
    1.3729495346804201,
    1.3777960838177503,
    1.3705407933239298,
    1.3658945080521818,
    1.3556046325923043,
    1.3298104026100852,
    1.3392596936329102,
    1.3435988384923894,
    1.3432144473641465,
    1.3289218485613405,
    1.3230332466430994,
    1.3471473594764611,
    1.3070814227645016,
    1.3366554686517427,
    1.3170078538713001,
    1.316240939743075,
    1.2787712167351792,
    1.2958125892655674,
    1.2770188246970569,
    1.2370958689487341,
    1.223330807892275,
    1.2378087399841904,
    1.226751218110452,
    1.2006265157228941,
    1.174340949430094,
    1.141232513246082,
    1.1235197204532046,
    1.1771753706457295,
    1.163461473081019,
    1.1639670051021493,
    1.1943459593372427,
    1.1401133268942565,
    1.1194253827070262,
    1.0720375327320841,
    1.0986892062348206,
    1.068119441275989,
    1.086480207773514,
    1.0679001586261765,
    1.0712914668120348,
    1.0441466977585963
  ],
  "train_acc": [
    0.24242424242424243,
    0.2727272727272727,
    0.27705627705627706,
    0.30303030303030304,
    0.3203463203463203,
    0.3203463203463203,
    0.3116883116883117,
    0.30303030303030304,
    0.2857142857142857,
    0.35064935064935066,
    0.354978354978355,
    0.3593073593073593,
    0.341991341991342,
    0.38961038961038963,
    0.3246753246753247,
    0.38095238095238093,
    0.3333333333333333,
    0.3852813852813853,
    0.36796536796536794,
    0.38961038961038963,
    0.38961038961038963,
    0.4069264069264069,
    0.3939393939393939,
    0.44155844155844154,
    0.49783549783549785,
    0.48917748917748916,
    0.4588744588744589,
    0.48484848484848486,
    0.48917748917748916,
    0.5454545454545454,
    0.5454545454545454,
    0.5670995670995671,
    0.5064935064935064,
    0.5238095238095238,
    0.5194805194805194,
    0.5281385281385281,
    0.5670995670995671,
    0.5627705627705628,
    0.6190476190476191,
    0.5757575757575758,
    0.5714285714285714,
    0.5930735930735931,
    0.5497835497835498,
    0.5887445887445888,
    0.6406926406926406
  ],
  "val_loss": [
    1.3893340742378903,
    1.3880855158755654,
    1.3872485558191936,
    1.3956837047610366,
    1.403901639737581,
    1.3984830003035695,
    1.3863347936094852,
    1.3702399228748523,
    1.3739226491827714,
    1.3981018003664518,
    1.4293389424943088,
    1.4178186822355838,
    1.3892801058919806,
    1.3781417733744572,
    1.3827968124757732,
    1.5139798260571664,
    1.491518549751817,
    1.398078479264912,
    1.409734474985223,
    1.4791742082227741,
    1.469220010857833,
    1.4112534669407628,
    1.4341847603781182,
    1.4209616037837245,
    1.4892752233304476,
    1.7058695952097576,
    1.4886238700465153,
    1.4917138794012237,
    1.5168509776132149,
    1.4964089017165334,
    1.548294552585535,
    1.540675031511407,
    1.6478870960704066,
    1.8660401147708559,
    1.726889549640187,
    1.520325600055226,
    1.5245726003981472,
    1.6015169055838334,
    1.698622322919076,
    1.7284257370128966,
    1.6709625051732648,
    1.6424168620193214,
    1.7066492887965419,
    1.8431275392833508,
    1.720127691302383
  ],
  "val_acc": [
    0.2631578947368421,
    0.2631578947368421,
    0.2982456140350877,
    0.2631578947368421,
    0.2982456140350877,
    0.2982456140350877,
    0.22807017543859648,
    0.2982456140350877,
    0.3333333333333333,
    0.2807017543859649,
    0.19298245614035087,
    0.2982456140350877,
    0.3157894736842105,
    0.3333333333333333,
    0.3508771929824561,
    0.19298245614035087,
    0.24561403508771928,
    0.3157894736842105,
    0.2631578947368421,
    0.24561403508771928,
    0.3333333333333333,
    0.2982456140350877,
    0.2982456140350877,
    0.3157894736842105,
    0.24561403508771928,
    0.17543859649122806,
    0.2807017543859649,
    0.2807017543859649,
    0.21052631578947367,
    0.22807017543859648,
    0.22807017543859648,
    0.3157894736842105,
    0.21052631578947367,
    0.22807017543859648,
    0.3157894736842105,
    0.2807017543859649,
    0.3333333333333333,
    0.24561403508771928,
    0.2807017543859649,
    0.3333333333333333,
    0.2982456140350877,
    0.2982456140350877,
    0.2631578947368421,
    0.2631578947368421,
    0.3157894736842105
  ],
  "epoch_times": [
    0.032952070236206055,
    0.03096175193786621,
    0.030361652374267578,
    0.030890226364135742,
    0.030071735382080078,
    0.029961585998535156,
    0.03532528877258301,
    0.029940128326416016,
    0.029652118682861328,
    0.029915809631347656,
    0.02973031997680664,
    0.029460906982421875,
    0.029346704483032227,
    0.029540538787841797,
    0.02936267852783203,
    0.029634714126586914,
    0.031144380569458008,
    0.031744956970214844,
    0.030850648880004883,
    0.031046152114868164,
    0.03125476837158203,
    0.03072643280029297,
    0.031019210815429688,
    0.03178739547729492,
    0.031085968017578125,
    0.0313725471496582,
    0.030845165252685547,
    0.03011608123779297,
    0.030962467193603516,
    0.03153848648071289,
    0.030737638473510742,
    0.03037285804748535,
    0.030938148498535156,
    0.029235363006591797,
    0.030567646026611328,
    0.031260013580322266,
    0.030832767486572266,
    0.03008270263671875,
    0.030062198638916016,
    0.03179454803466797,
    0.030295848846435547,
    0.030945777893066406,
    0.03111410140991211,
    0.03110337257385254,
    0.030340194702148438
  ]
}