{
  "train_loss": [
    1.396012013608759,
    1.3686751457519861,
    1.37146101833938,
    1.367494857672489,
    1.349385759015104,
    1.3170309185465694,
    1.35840477571859,
    1.3220100113839814,
    1.3248612395612709,
    1.3091341262255913,
    1.286494239584192,
    1.281971958292511,
    1.2459821071459618,
    1.244424429806796,
    1.2742395349395224,
    1.264466312540558,
    1.2266940848651902,
    1.2354415293895837,
    1.2303085863848269,
    1.2177013096871314,
    1.2212224594958416,
    1.195971942567206,
    1.2343078459496106,
    1.1958585920787992,
    1.2017075153656336,
    1.1856017246906891,
    1.1799804266397056,
    1.1983846111215037,
    1.1985156912824293,
    1.1895732384223443,
    1.1483900371568028,
    1.147672119078698,
    1.1394404363838626,
    1.1190008513339154,
    1.1843269537021588,
    1.1141900355681713,
    1.1082687666921904,
    1.096093782614836,
    1.114603981311187,
    1.106710631609995,
    1.0608377353453533,
    1.0899855966691847,
    1.145540164662646,
    1.102820357719025,
    1.088291301871791,
    1.0568508276175628,
    1.0620208230369534,
    1.0788125904091508,
    1.0486320391361847,
    1.0384621331186006,
    1.0511804524954262,
    1.0444407236008417,
    1.0341171949972838,
    1.0336472817829676,
    1.028913157842892,
    1.0136314284749877,
    1.0481140510344402,
    1.0324576275173203,
    1.016082695552281,
    1.0049644352553726,
    1.0531283578315338,
    1.0286289886994795,
    1.0446173989927614,
    0.9933315022683247,
    0.9858377268820098,
    1.0298415920435091,
    1.0133056888332614,
    1.0036898583044738,
    0.999733185871339,
    1.000155985613406,
    0.987803887237202,
    0.9663637928116373,
    0.9801221317027038,
    1.0165925263326405,
    1.010595483697338,
    0.9804579698162161,
    1.0032442609469097,
    1.0228617108745492,
    0.9709212738714177,
    0.9776812404781193,
    0.9854073294829496,
    0.9673339892259408,
    1.0056600529394109,
    0.9922389591927137,
    0.9955994146210807,
    0.9871214297942785
  ],
  "train_acc": [
    0.19047619047619047,
    0.2727272727272727,
    0.2943722943722944,
    0.2943722943722944,
    0.35064935064935066,
    0.3939393939393939,
    0.2857142857142857,
    0.354978354978355,
    0.36796536796536794,
    0.33766233766233766,
    0.4069264069264069,
    0.4458874458874459,
    0.47186147186147187,
    0.4329004329004329,
    0.3852813852813853,
    0.42424242424242425,
    0.4329004329004329,
    0.42857142857142855,
    0.4588744588744589,
    0.4675324675324675,
    0.4588744588744589,
    0.47619047619047616,
    0.38961038961038963,
    0.5108225108225108,
    0.48484848484848486,
    0.4588744588744589,
    0.4675324675324675,
    0.4935064935064935,
    0.48484848484848486,
    0.48484848484848486,
    0.5108225108225108,
    0.5151515151515151,
    0.5454545454545454,
    0.5281385281385281,
    0.48484848484848486,
    0.5714285714285714,
    0.5454545454545454,
    0.5541125541125541,
    0.5194805194805194,
    0.5541125541125541,
    0.5930735930735931,
    0.5627705627705628,
    0.5108225108225108,
    0.5670995670995671,
    0.5627705627705628,
    0.5930735930735931,
    0.5757575757575758,
    0.5670995670995671,
    0.5714285714285714,
    0.5887445887445888,
    0.5887445887445888,
    0.5670995670995671,
    0.5844155844155844,
    0.5757575757575758,
    0.5930735930735931,
    0.6060606060606061,
    0.6060606060606061,
    0.5930735930735931,
    0.5844155844155844,
    0.6190476190476191,
    0.5844155844155844,
    0.6103896103896104,
    0.5930735930735931,
    0.6060606060606061,
    0.645021645021645,
    0.6060606060606061,
    0.6190476190476191,
    0.6147186147186147,
    0.6277056277056277,
    0.5887445887445888,
    0.658008658008658,
    0.6147186147186147,
    0.6666666666666666,
    0.6406926406926406,
    0.5670995670995671,
    0.6406926406926406,
    0.6103896103896104,
    0.5974025974025974,
    0.645021645021645,
    0.6320346320346321,
    0.670995670995671,
    0.645021645021645,
    0.6190476190476191,
    0.6363636363636364,
    0.6277056277056277,
    0.6320346320346321
  ],
  "val_loss": [
    1.3900599897953503,
    1.4521644910176594,
    1.4450372018312152,
    1.4035867808157938,
    1.4896576132690698,
    1.3444266047394067,
    1.3541210366968524,
    1.5309101740519206,
    1.4114043127026474,
    1.3829809155380517,
    1.4889654004782962,
    1.3171586927614714,
    1.4920661909538402,
    1.383661709333721,
    1.4356905493819923,
    1.4450025830352515,
    1.4013305588772422,
    1.374521815985964,
    1.6444799126240246,
    1.3730140924453735,
    1.3522944764087075,
    1.7995591330946537,
    1.4403201488026403,
    1.419103553420619,
    1.370928026082223,
    1.393096639398943,
    1.8132492073795252,
    1.3502648315931622,
    1.4386446015876637,
    1.290879853984766,
    1.5662259741833335,
    1.31270632618352,
    1.400929568106668,
    1.4902697446053488,
    1.3544065973214936,
    1.5407398729993587,
    1.4259204090687267,
    1.756174365679423,
    1.4725043229889452,
    1.4192381218860024,
    1.3760478433809782,
    2.2778758375268233,
    1.441697359085083,
    1.3590331244886966,
    1.5236679692017405,
    1.42813914073141,
    1.5235662334843685,
    1.4796462519127025,
    1.43364273456105,
    1.4908595043316222,
    1.6400397514042102,
    1.3663346349147327,
    1.492174610756991,
    1.4593594116077089,
    1.4588725943314402,
    1.3649682538551198,
    1.4382405448378177,
    1.464422859643635,
    1.4292817805942737,
    1.5456524836389642,
    1.6077587018933213,
    1.444668031575387,
    1.5308090908485545,
    1.4987365111970066,
    1.4454828291608577,
    1.4978353747150355,
    1.619028461606879,
    1.5410358048321908,
    1.483498410174721,
    1.4682699776532357,
    1.4738813115839373,
    1.5490588807223136,
    1.4906478618320667,
    1.4640497743037708,
    1.612819466674537,
    1.5014466570134748,
    1.4638734240280955,
    1.4592947060601753,
    1.4630021860725002,
    1.4795877285170973,
    1.4821429399021886,
    1.516200021693581,
    1.4923674809305292,
    1.4625176902402912,
    1.45847543498926,
    1.509489005072075
  ],