{
  "train_loss": [
    1.3923762845786618,
    1.384720637168719,
    1.3864110125091684,
    1.3862778835998468,
    1.3745377481757821,
    1.372730464130253,
    1.3671002212540928,
    1.3455515661280908,
    1.3265839696446537,
    1.3219418159294953,
    1.283559891568634,
    1.27221979981377,
    1.2596160761721722,
    1.2259526092768747,
    1.22989280399306,
    1.2309837217454787,
    1.344963820981773,
    1.2550622374464424,
    1.2257366123653592,
    1.1987124500852642,
    1.1830389334525897,
    1.1844691347766232,
    1.1938111575650963,
    1.191339701285094,
    1.1528562302197212,
    1.136208243700333,
    1.1354676376689563,
    1.1179770241568099,
    1.13907841170505,
    1.1259047794135617,
    1.142103121136174,
    1.113357060915464,
    1.0658107743118748,
    1.0946689906058373,
    1.1382795943842305,
    1.09867952035103,
    1.1094881827697094,
    1.083937728817845,
    1.0489233752865812,
    1.0826741709853664,
    1.0509718388190001,
    1.0952609318159359,
    1.026857429768616,
    1.0483415555128288,
    1.0202519088596493,
    1.0247361417456622,
    1.0326139493422075,
    1.0148562102606802,
    1.0221261678836047,
    0.9996496268681118,
    0.987865365428842,
    0.9834006859626605,
    0.9525352747409375,
    0.9676011723357362,
    1.008733200304436,
    0.9866832582465498,
    0.9771629380973387,
    0.9522271476266704,
    0.9781050160849766,
    0.9650704824563229,
    0.9334252040623586,
    0.9430528848202198,
    0.9517270713657527,
    0.9530600706736246,
    0.9564022006410541,
    0.9347049034003055,
    0.943060573561367,
    0.8998023124484272,
    0.9244650504289768
  ],
  "train_acc": [
    0.23376623376623376,
    0.2683982683982684,
    0.30303030303030304,
    0.21212121212121213,
    0.3246753246753247,
    0.3203463203463203,
    0.2987012987012987,
    0.38095238095238093,
    0.37662337662337664,
    0.36363636363636365,
    0.39826839826839827,
    0.4155844155844156,
    0.42857142857142855,
    0.44155844155844154,
    0.4155844155844156,
    0.42857142857142855,
    0.341991341991342,
    0.38095238095238093,
    0.4588744588744589,
    0.4329004329004329,
    0.47186147186147187,
    0.45021645021645024,
    0.4588744588744589,
    0.47186147186147187,
    0.47186147186147187,
    0.49783549783549785,
    0.49783549783549785,
    0.47619047619047616,
    0.47619047619047616,
    0.5151515151515151,
    0.46320346320346323,
    0.5411255411255411,
    0.5194805194805194,
    0.5367965367965368,
    0.5151515151515151,
    0.5454545454545454,
    0.5627705627705628,
    0.5627705627705628,
    0.5757575757575758,
    0.5670995670995671,
    0.5584415584415584,
    0.5194805194805194,
    0.5714285714285714,
    0.5844155844155844,
    0.5974025974025974,
    0.5930735930735931,
    0.5844155844155844,
    0.5541125541125541,
    0.5757575757575758,
    0.6060606060606061,
    0.6060606060606061,
    0.6320346320346321,
    0.645021645021645,
    0.6536796536796536,
    0.6190476190476191,
    0.6320346320346321,
    0.6277056277056277,
    0.6103896103896104,
    0.658008658008658,
    0.6666666666666666,
    0.683982683982684,
    0.6536796536796536,
    0.645021645021645,
    0.645021645021645,
    0.6190476190476191,
    0.6666666666666666,
    0.6363636363636364,
    0.7316017316017316,
    0.658008658008658
  ],
  "val_loss": [
    1.3965934326774196,
    1.3974693197953074,
    1.3972027615496987,
    1.3961195485633717,
    1.381034114904571,
    1.3725312529948719,
    1.3787634247227718,
    1.3271633093817192,
    1.3635315769597103,
    1.297552830294559,
    1.4114930776127599,
    1.2931808714281048,
    1.575100260868407,
    1.4427096948289035,
    1.3664586627692508,
    1.602339455955907,
    1.325317752988715,
    1.3519234489976315,
    1.2995427198577345,
    1.5010261661127995,
    1.259968402092917,
    1.6228793984965275,
    1.6223820615233036,
    1.4756323517414562,
    1.2561665480596977,
    1.2321099628481949,
    1.2983392330638148,
    1.1806066830952961,
    1.332950602497971,
    1.2457888942015798,
    1.2945779478340818,
    1.1844491435770403,
    1.3179684626428705,
    1.1833975315093994,
    1.4481806525012904,
    1.2312197559758236,
    1.3152186222243727,
    1.5688427331154806,
    1.2562982826902156,
    1.3705909105769374,
    1.4606225490570068,
    1.3536659081776936,
    1.2683916656594527,
    1.2059218967170047,
    1.2944253934057135,
    1.4356079478012889,
    1.3470412074473865,
    1.6833191775439078,
    1.2193463036888523,
    1.3284771170532494,
    1.5397172308804696,
    1.1836212747975399,
    1.2206122080485027,
    1.29916008522636,
    1.2017542437503212,
    1.164728792090165,
    1.3349407179313793,
    1.330873271875214,
    1.2232227074472528,
    1.1930315912815563,
    1.2086235744911327,
    1.203395686651531,
    1.203708435359754,
    1.2746249583729528,
    1.181314035465843,
    1.214559557145102,
    1.2532775192929988,
    1.3037489485322384,
    1.249602378460399
  ],
  "val_acc": [
    0.2631578947368421,
    0.19298245614035087,
    0.21052631578947367,
    0.2807017543859649,
    0.2807017543859649,
    0.2982456140350877,
    0.2807017543859649,
    0.3508771929824561,
    0.2982456140350877,
    0.3684210526315789,
    0.2807017543859649,
    0.42105263157894735,
    0.2982456140350877,
    0.3157894736842105,
    0.3508771929824561,
    0.2982456140350877,
    0.3508771929824561,
    0.3508771929824561,
    0.3157894736842105,
    0.3508771929824561,
    0.40350877192982454,
    0.2631578947368421,
    0.3508771929824561,
    0.3333333333333333,
    0.40350877192982454,
    0.40350877192982454,
    0.3684210526315789,
    0.43859649122807015,
    0.3333333333333333,
    0.43859649122807015,
    0.3508771929824561,
    0.42105263157894735,
    0.3684210526315789,
    0.43859649122807015,
    0.3508771929824561,
    0.47368421052631576,
    0.3684210526315789,
    0.3157894736842105,
    0.49122807017543857,
    0.38596491228070173,
    0.3684210526315789,
    0.42105263157894735,
    0.45614035087719296,
    0.43859649122807015,
    0.40350877192982454,
    0.40350877192982454,
    0.42105263157894735,
    0.3333333333333333,
    0.38596491228070173,
    0.3508771929824561,
    0.38596491228070173,
    0.45614035087719296,
    0.42105263157894735,
    0.42105263157894735,
    0.47368421052631576,
    0.47368421052631576,
    0.42105263157894735,
    0.40350877192982454,
    0.43859649122807015,
    0.43859649122807015,
    0.43859649122807015,
    0.42105263157894735,
    0.47368421052631576,
    0.49122807017543857,
    0.45614035087719296,
    0.3684210526315789,
    0.42105263157894735,
    0.40350877192982454,
    0.45614035087719296
  ],