{
  "train_loss": [
    1.3807420708228326,
    1.3587797166293145,
    1.3481819292511603,
    1.3448314188534736,
    1.3516557963207514,
    1.3391784697900087,
    1.335536112172951,
    1.344061515031955,
    1.3265153322729026,
    1.3161911634139685
  ],
  "train_acc": [
    0.2756132756132756,
    0.3088023088023088,
    0.3492063492063492,
    0.3448773448773449,
    0.32323232323232326,
    0.3564213564213564,
    0.354978354978355,
    0.31601731601731603,
    0.341991341991342,
    0.36796536796536794
  ],
  "val_loss": [
    1.4158231333682412,
    1.3982817854797631,
    1.424545965696636,
    2.9986353840744284,
    94.25084953977351,
    711.4276572779605,
    93.81701178299754,
    90.3128597861842,
    1373.2239047937226,
    574.3933994226288
  ],
  "val_acc": [
    0.2631578947368421,
    0.2982456140350877,
    0.14035087719298245,
    0.14035087719298245,
    0.2631578947368421,
    0.2982456140350877,
    0.2982456140350877,
    0.14035087719298245,
    0.2982456140350877,
    0.2631578947368421
  ],
  "epoch_times": [
    0.3234217166900635,
    0.09073209762573242,
    0.0837867259979248,
    0.08390283584594727,
    0.08477640151977539,
    0.08489441871643066,
    0.08345532417297363,
    0.08449864387512207,
    0.0844106674194336,
    0.0821068286895752
  ]
}