{
  "train_loss": [
    1.3927583002940918,
    1.373202024084149,
    1.3757521920389943,
    1.3560900528193551,
    1.3400160626415567,
    1.347409858332052,
    1.3237257101835112,
    1.3250837377655558,
    1.3048308747155326,
    1.2590254849685736,
    1.2272122701009114,
    1.1967584400465994,
    1.1811792917581865,
    1.1567851330810812,
    1.1838786700071195,
    1.1657378441327577,
    1.1643653690040885,
    1.0948020044343296,
    1.0798598073777699,
    1.113119693545552,
    1.086105980398335,
    1.1115769024019118,
    1.0515042899490952,
    1.0563005307020048,
    1.0543506893760715,
    1.0227624399837478,
    1.0732199309708237,
    1.020882668949309,
    0.9997050215155532,
    0.9509496982995566,
    0.9784001620300921,
    1.037487953256219,
    0.974892038803596,
    0.9644753662022677,
    0.9392523799107705,
    0.9059614549467574,
    0.9021497598458162,
    0.8924787034203996,
    0.8938957530182677,
    0.8903172098713004,
    0.8847848277587396,
    0.9350118652566687,
    0.8761140918318844
  ],
  "train_acc": [
    0.2554112554112554,
    0.30735930735930733,
    0.30735930735930733,
    0.30303030303030304,
    0.3852813852813853,
    0.3333333333333333,
    0.4069264069264069,
    0.37662337662337664,
    0.3939393939393939,
    0.47619047619047616,
    0.47619047619047616,
    0.43722943722943725,
    0.5238095238095238,
    0.5151515151515151,
    0.5194805194805194,
    0.5194805194805194,
    0.5497835497835498,
    0.6060606060606061,
    0.5670995670995671,
    0.5411255411255411,
    0.5757575757575758,
    0.5151515151515151,
    0.5757575757575758,
    0.5887445887445888,
    0.5714285714285714,
    0.5930735930735931,
    0.5930735930735931,
    0.5974025974025974,
    0.658008658008658,
    0.6926406926406926,
    0.6277056277056277,
    0.5800865800865801,
    0.6536796536796536,
    0.6666666666666666,
    0.658008658008658,
    0.696969696969697,
    0.7142857142857143,
    0.70995670995671,
    0.6926406926406926,
    0.696969696969697,
    0.7619047619047619,
    0.6666666666666666,
    0.696969696969697
  ],
  "val_loss": [
    1.387015231868677,
    1.3882685146833722,
    1.3885796822999652,
    1.397447993880824,
    1.4010908352701288,
    1.3759497257701137,
    1.3562104367373282,
    1.3790197058727867,
    1.3358753605892784,
    1.2758333097424424,
    1.4147630386185228,
    1.3822112334401984,
    1.2462378029237713,
    1.4055068116439016,
    1.3356365425544872,
    1.4095914803053204,
    1.3045842082876908,
    1.313870720696031,
    1.3800841088880573,
    1.441689135735495,
    1.396577475363748,
    1.2690331371206987,
    1.3444257598174245,
    1.4325075358675237,
    1.540038736242997,
    1.317666398851495,
    1.3085096990853025,
    1.3108658748760558,
    1.371192967682554,
    1.4115732448142873,
    1.7541666511903728,
    1.506449582283957,
    1.4316579040728117,
    1.401236145119918,
    1.4547489567806846,
    1.4594587401339882,
    1.434529381885863,
    1.463632491596958,
    1.4626382317459374,
    1.4471119767741154,
    1.5418162555025334,
    1.5103041330973308,
    1.5838198097128617
  ],
  "val_acc": [
    0.24561403508771928,
    0.21052631578947367,
    0.21052631578947367,
    0.2807017543859649,
    0.24561403508771928,
    0.3508771929824561,
    0.3157894736842105,
    0.3684210526315789,
    0.40350877192982454,
    0.38596491228070173,
    0.3508771929824561,
    0.42105263157894735,
    0.43859649122807015,
    0.3684210526315789,
    0.42105263157894735,
    0.3684210526315789,
    0.3684210526315789,
    0.3333333333333333,
    0.3508771929824561,
    0.40350877192982454,
    0.3684210526315789,
    0.42105263157894735,
    0.3508771929824561,
    0.38596491228070173,
    0.3157894736842105,
    0.40350877192982454,
    0.42105263157894735,
    0.40350877192982454,
    0.2982456140350877,
    0.3333333333333333,
    0.3157894736842105,
    0.38596491228070173,
    0.3333333333333333,
    0.3508771929824561,
    0.3333333333333333,
    0.3157894736842105,
    0.3333333333333333,
    0.3508771929824561,
    0.3333333333333333,
    0.42105263157894735,
    0.3333333333333333,
    0.38596491228070173,
    0.3508771929824561
  ],
  "epoch_times": [
    0.03208112716674805,
    0.035659074783325195,
    0.03529858589172363,
    0.03144645690917969,
    0.029829025268554688,
    0.030606985092163086,
    0.030364274978637695,
    0.03137016296386719,
    0.031269073486328125,
    0.03182792663574219,
    0.030916213989257812,
    0.030758142471313477,
    0.031096935272216797,
    0.029908418655395508,
    0.030659198760986328,
    0.031064987182617188,
    0.029977083206176758,
    0.030852317810058594,
    0.030183076858520508,
    0.031899452209472656,
    0.030295372009277344,
    0.02967548370361328,
    0.030368804931640625,
    0.030472517013549805,
    0.030455827713012695,
    0.030218839645385742,
    0.030059337615966797,
    0.031183481216430664,
    0.03085923194885254,
    0.03048849105834961,
    0.0299985408782959,
    0.030894041061401367,
    0.030262231826782227,
    0.030671119689941406,
    0.02995467185974121,
    0.030279874801635742,
    0.030412912368774414,
    0.031324148178100586,
    0.03125715255737305,
    0.03102874755859375,
    0.031020164489746094,
    0.03136277198791504,
    0.031594276428222656
  ]
}