{
  "train_loss": [
    1.3955734897657561,
    1.3808755375778177,
    1.3492181314878477,
    1.3249692201270342,
    1.2968712172983012,
    1.2625996005139482,
    1.2336251997156404,
    1.2170989773146175,
    1.2289253048394493,
    1.1820765843811145,
    1.1453943988805553,
    1.1050686358029365,
    1.0647983977632949,
    1.0848751962614953,
    1.0044717713007851,
    1.0480174373238633,
    1.0154279834264284,
    0.9342149298256438,
    0.9568654824300934,
    0.9818772230657492,
    0.948309689373165,
    0.8802610241833532,
    0.8629917774193558,
    0.8292026741680129,
    0.8339282374017338,
    0.8257321886514001,
    0.8861509673351161,
    0.7784028273468238,
    0.7912145597594125,
    0.7594280091543046,
    0.7625979104255357,
    0.8008132443627581,
    0.7332734668581689,
    0.8070918469545989,
    0.7768190798133311,
    0.7554615311980419,
    0.8812433574106786,
    0.7955401664516455,
    0.652860005610605,
    0.745166574205671,
    0.6986780641398904,
    0.7025878642716621,
    0.6823732468472931,
    0.6642587955551918,
    0.6543687409996815,
    0.7252871442322779,
    0.8238886813236693,
    0.678775093256137,
    0.6571002300683554,
    0.6746628185543319,
    0.676367598350602,
    0.6665187865108638,
    0.7383499650384097,
    0.6756383108370232,
    0.6852935109647665,
    0.7266101138760345,
    0.7155163388747674,
    0.6498944705182855,
    0.6076907951594431,
    0.6720214872305184,
    0.6336731793732526,
    0.6916299277397805,
    0.613315462033986,
    0.6405246052219066,
    0.7186376564688497,
    0.5736163726444712,
    0.7203856836493742,
    0.6103870633016589,
    0.6009763290871789
  ],
  "train_acc": [
    0.2611832611832612,
    0.29004329004329005,
    0.33910533910533913,
    0.39826839826839827,
    0.4155844155844156,
    0.4862914862914863,
    0.48917748917748916,
    0.5137085137085137,
    0.49927849927849927,
    0.5512265512265512,
    0.5743145743145743,
    0.6046176046176046,
    0.6132756132756133,
    0.6334776334776335,
    0.6565656565656566,
    0.6608946608946609,
    0.6810966810966811,
    0.7272727272727273,
    0.6868686868686869,
    0.6998556998556998,
    0.7041847041847041,
    0.7619047619047619,
    0.7546897546897547,
    0.7821067821067821,
    0.7604617604617605,
    0.8037518037518038,
    0.759018759018759,
    0.8326118326118326,
    0.8066378066378066,
    0.8556998556998557,
    0.8484848484848485,
    0.8282828282828283,
    0.8643578643578643,
    0.8051948051948052,
    0.8383838383838383,
    0.862914862914863,
    0.7965367965367965,
    0.8225108225108225,
    0.8888888888888888,
    0.847041847041847,
    0.8686868686868687,
    0.8759018759018758,
    0.8701298701298701,
    0.8831168831168831,
    0.9033189033189033,
    0.8643578643578643,
    0.8412698412698413,
    0.9062049062049062,
    0.9076479076479076,
    0.8888888888888888,
    0.9148629148629148,
    0.8831168831168831,
    0.8831168831168831,
    0.9105339105339105,
    0.8975468975468975,
    0.9062049062049062,
    0.9033189033189033,
    0.9076479076479076,
    0.9307359307359307,
    0.9047619047619048,
    0.9321789321789322,
    0.9177489177489178,
    0.9278499278499278,
    0.9134199134199135,
    0.911976911976912,
    0.9422799422799423,
    0.8946608946608947,
    0.9408369408369408,
    0.9062049062049062
  ],
  "val_loss": [
    1.4049674711729352,
    1.4384085525546157,
    1.4805916024927508,
    1.4872014878088968,
    1.5114034037840993,
    1.5336735792327345,
    1.5747331192618923,
    1.579411218040868,
    1.5800024333753084,
    1.5738985015634905,
    1.5710057250240392,
    1.5508613440028407,
    1.5360668479350574,
    1.4764463776036312,
    1.4712138970692952,
    1.4795102529358446,
    1.508326856713546,
    1.447606046994527,
    1.4387602617866115,
    1.4596907653306659,
    1.4652329014058698,
    1.4744607314728855,
    1.453394994401095,
    1.498098889986674,
    1.5115619458650287,
    1.5564430282827009,
    1.5733310988074856,
    1.561225085927729,
    1.5530076236055608,
    1.5382734202502066,
    1.5278002922995049,
    1.5517642853552835,
    1.5764743549781932,
    1.5851232670901114,
    1.5457233608814709,
    1.5543260239718253,
    1.5178620940760563,
    1.5495890316210295,
    1.5390625585589492,
    1.56861720796217,
    1.5511884814814518,
    1.5910430644687854,
    1.608122053899263,
    1.5539823017622296,
    1.5670425180803265,
    1.5441154806237471,
    1.5367331651219152,
    1.5555683228007533,
    1.5868556039375172,
    1.5765374125095837,
    1.584695619449281,
    1.602496914696275,
    1.5993183767586423,
    1.5952563243999816,
    1.6077873037572492,
    1.6106156006193997,
    1.6167120766221432,
    1.5914133849896883,
    1.5922296967422753,
    1.5811505798707928,
    1.6000043028279354,
    1.5838288194254826,
    1.5841337546967624,
    1.5811108016131217,
    1.5900805770305164,
    1.607785187269512,
    1.619683064912495,
    1.6044503492221498,
    1.6047141886594003
  ],
  "val_acc": [
    0.17543859649122806,
    0.12280701754385964,
    0.14035087719298245,
    0.15789473684210525,
    0.17543859649122806,
    0.21052631578947367,
    0.21052631578947367,
    0.21052631578947367,
    0.24561403508771928,
    0.2807017543859649,
    0.2631578947368421,
    0.2807017543859649,
    0.2982456140350877,
    0.3508771929824561,
    0.38596491228070173,
    0.3684210526315789,
    0.40350877192982454,
    0.3684210526315789,
    0.3684210526315789,
    0.38596491228070173,
    0.40350877192982454,
    0.3684210526315789,
    0.3684210526315789,
    0.38596491228070173,
    0.3684210526315789,
    0.38596491228070173,
    0.3333333333333333,
    0.38596491228070173,
    0.40350877192982454,
    0.38596491228070173,
    0.43859649122807015,
    0.42105263157894735,
    0.38596491228070173,
    0.42105263157894735,
    0.40350877192982454,
    0.40350877192982454,
    0.38596491228070173,
    0.38596491228070173,
    0.47368421052631576,
    0.40350877192982454,
    0.42105263157894735,
    0.40350877192982454,
    0.38596491228070173,
    0.40350877192982454,
    0.40350877192982454,
    0.43859649122807015,
    0.47368421052631576,
    0.43859649122807015,
    0.40350877192982454,
    0.40350877192982454,
    0.45614035087719296,
    0.40350877192982454,
    0.38596491228070173,
    0.40350877192982454,
    0.42105263157894735,
    0.42105263157894735,
    0.43859649122807015,
    0.42105263157894735,
    0.38596491228070173,
    0.43859649122807015,
    0.45614035087719296,
    0.43859649122807015,
    0.43859649122807015,
    0.43859649122807015,
    0.42105263157894735,
    0.43859649122807015,
    0.43859649122807015,
    0.43859649122807015,
    0.42105263157894735
  ],