{
  "train_loss": [
    1.401690435787988,
    1.3677087093328502,
    1.349679662895753,
    1.321682067316504,
    1.2838152794954925,
    1.2707686090538168,
    1.2197321772059322,
    1.1959461789110521,
    1.2017050831864922,
    1.1454605490270287,
    1.1474644410145747,
    1.0903413541733273,
    1.0479575801549363,
    1.0527234450735228,
    0.9930542132899187,
    1.0321961366080963,
    0.9963519903488489,
    0.9151772356996632,
    0.9395451582699456,
    0.935250590890001,
    0.8888587862210184,
    0.8574701146817999,
    0.8450006848633892,
    0.7825798981461518,
    0.7923020301615177,
    0.8086586207538456,
    0.8631319855198716,
    0.7526345754426623,
    0.7982755652581802,
    0.7852121941627018,
    0.7393869826459953,
    0.7941205529939561,
    0.6965379672821121,
    0.7695416173377594,
    0.7280187928487384,
    0.7116025169346412,
    0.8407398587869531,
    0.7856574069713962,
    0.6393577555385331,
    0.7352792643881464,
    0.6505880219939811,
    0.6574197087281022,
    0.6265957745122703,
    0.6155490747089853,
    0.6225760208407866,
    0.6862107374279358,
    0.7507418413010855,
    0.652109612548162,
    0.6208110926471231,
    0.6260763000358235,
    0.6680943219348637,
    0.6519980951821133,
    0.7360663741267949,
    0.6413669295469232,
    0.6629100266473118,
    0.6714773670075431,
    0.6535122418644452,
    0.6074382940584103,
    0.5704594420492219,
    0.6572431514273475,
    0.5928240608515334,
    0.6420666370729003,
    0.601199789996787,
    0.5871372997846782,
    0.6828574752394772,
    0.5310598919745991,
    0.6867723532483347,
    0.5810596272026821,
    0.5390461015838909,
    0.6213185645285106,
    0.6376410191193288,
    0.5731230920871443,
    0.6447379475978202,
    0.5681250033440528,
    0.5301742919251689,
    0.6236112409339839,
    0.6225718655455508,
    0.5765574558128698,
    0.6428817010029054,
    0.5731516761697216
  ],
  "train_acc": [
    0.2784992784992785,
    0.3217893217893218,
    0.3564213564213564,
    0.4155844155844156,
    0.4126984126984127,
    0.4401154401154401,
    0.4935064935064935,
    0.5238095238095238,
    0.5295815295815296,
    0.56998556998557,
    0.5584415584415584,
    0.5829725829725829,
    0.6378066378066378,
    0.6493506493506493,
    0.6738816738816739,
    0.6724386724386724,
    0.6753246753246753,
    0.7287157287157288,
    0.7215007215007215,
    0.7532467532467533,
    0.7518037518037518,
    0.7835497835497836,
    0.7821067821067821,
    0.8196248196248196,
    0.7792207792207793,
    0.8196248196248196,
    0.7691197691197691,
    0.8311688311688312,
    0.7907647907647908,
    0.8354978354978355,
    0.8643578643578643,
    0.810966810966811,
    0.8874458874458875,
    0.8542568542568543,
    0.8556998556998557,
    0.8672438672438673,
    0.8037518037518038,
    0.8326118326118326,
    0.8903318903318903,
    0.84992784992785,
    0.8917748917748918,
    0.9004329004329005,
    0.9105339105339105,
    0.9105339105339105,
    0.9321789321789322,
    0.8917748917748918,
    0.8686868686868687,
    0.922077922077922,
    0.9264069264069265,
    0.922077922077922,
    0.9047619047619048,
    0.9004329004329005,
    0.8802308802308803,
    0.9292929292929293,
    0.9047619047619048,
    0.9321789321789322,
    0.935064935064935,
    0.9595959595959596,
    0.9494949494949495,
    0.9235209235209235,
    0.9408369408369408,
    0.950937950937951,
    0.9466089466089466,
    0.9336219336219336,
    0.9177489177489178,
    0.9595959595959596,
    0.9437229437229437,
    0.9567099567099567,
    0.950937950937951,
    0.937950937950938,
    0.922077922077922,
    0.9581529581529582,
    0.924963924963925,
    0.950937950937951,
    0.9653679653679653,
    0.9466089466089466,
    0.9682539682539683,
    0.9581529581529582,
    0.9307359307359307,
    0.9624819624819625
  ],
  "val_loss": [
    1.3964800123582806,
    1.3801407604886775,
    1.3750441095285248,
    1.3849488434038664,
    1.3992396216643483,
    1.4009569695121364,
    1.4132568794384337,
    1.4299073261127138,
    1.4406628336822778,
    1.4269317346706725,
    1.4476547471263952,
    1.4305777800710577,
    1.4187822341918945,
    1.4362076479091979,
    1.4576333091970075,
    1.4534415529485334,
    1.442737719468903,
    1.4906168883306938,
    1.401258343144467,
    1.439380775418198,
    1.411841260759454,
    1.4388036058660139,
    1.3939889857643528,
    1.4211463384460985,
    1.4552025585843806,
    1.3360962658597713,
    1.3871105365585863,
    1.3985612517909,
    1.4391150725515265,
    1.397469629321182,
    1.4169811930572778,
    1.3875718346813268,
    1.3467514117558796,
    1.381621107720492,
    1.3570223983965422,
    1.4005762924227798,
    1.3756856270003737,
    1.3396257873167072,
    1.3547276237554717,
    1.3377291633371722,
    1.3558739549235295,
    1.374869570397494,
    1.3396358803698891,
    1.3595961332321167,
    1.3581324522955376,
    1.364527327972546,
    1.3975719213485718,
    1.3580667700683862,
    1.3751656569932635,
    1.3524765152680247,
    1.3071802457173665,
    1.3178383990337974,
    1.2495289246241252,
    1.2934715977886266,
    1.2795949818795187,
    1.2361777163388437,
    1.2764843785971927,
    1.311606720874184,
    1.3563692611560487,
    1.282508605404904,
    1.3085721773013734,
    1.2930292811310082,
    1.2762110400618167,
    1.2609446027822662,
    1.289544283298024,
    1.3170301642334252,
    1.2729776909476833,
    1.2961172367397107,
    1.2713500805068434,
    1.2545913185989648,
    1.287971996424491,
    1.2600549459457397,
    1.2461835626970257,
    1.2726566498739678,
    1.2559785215478194,
    1.238746444384257,
    1.238893199385258,
    1.2495323524140476,
    1.23830709331914,
    1.2475239875023825
  ],
  "val_acc": [
    0.24561403508771928,
    0.2631578947368421,
    0.3157894736842105,
    0.3157894736842105,
    0.3333333333333333,
    0.3684210526315789,
    0.3508771929824561,
    0.3508771929824561,
    0.3508771929824561,
    0.3333333333333333,
    0.3333333333333333,
    0.3333333333333333,
    0.3684210526315789,
    0.40350877192982454,
    0.40350877192982454,
    0.42105263157894735,
    0.42105263157894735,
    0.40350877192982454,
    0.5087719298245614,
    0.45614035087719296,
    0.47368421052631576,
    0.45614035087719296,
    0.49122807017543857,
    0.47368421052631576,
    0.45614035087719296,
    0.5087719298245614,
    0.543859649122807,
    0.49122807017543857,
    0.45614035087719296,
    0.45614035087719296,
    0.47368421052631576,
    0.5614035087719298,
    0.5263157894736842,
    0.543859649122807,
    0.49122807017543857,
    0.49122807017543857,
    0.49122807017543857,
    0.5263157894736842,
    0.5087719298245614,
    0.5263157894736842,
    0.5789473684210527,
    0.5087719298245614,
    0.5263157894736842,
    0.5087719298245614,
    0.543859649122807,
    0.5087719298245614,
    0.45614035087719296,
    0.5614035087719298,
    0.5087719298245614,
    0.6140350877192983,
    0.49122807017543857,
    0.5087719298245614,
    0.5614035087719298,
    0.5263157894736842,
    0.5263157894736842,
    0.5614035087719298,
    0.5614035087719298,
    0.5789473684210527,
    0.543859649122807,
    0.5263157894736842,
    0.5263157894736842,
    0.49122807017543857,
    0.5263157894736842,
    0.5263157894736842,
    0.543859649122807,
    0.543859649122807,
    0.49122807017543857,
    0.5263157894736842,
    0.5614035087719298,
    0.5614035087719298,
    0.5614035087719298,
    0.49122807017543857,
    0.5263157894736842,
    0.5087719298245614,
    0.5263157894736842,
    0.543859649122807,
    0.5614035087719298,
    0.5087719298245614,
    0.5263157894736842,
    0.5087719298245614
  ],