{
  "train_loss": [
    1.4006440068392183,
    1.3489922627398119,
    1.3282557882443824,
    1.2625543443327514,
    1.2043593850142684,
    1.1067483453523546,
    0.9972410616592583,
    0.9221828696015594,
    0.9534967143470247,
    0.8414845710881,
    0.8562623298529423,
    0.7886942792764474,
    0.7784624118653555,
    0.7686712550050424,
    0.7220851883055672,
    0.8538872758719485,
    0.8085554148383642,
    0.6726458513891542,
    0.7247955923816687,
    0.7575418959448348,
    0.7064760740185196,
    0.6796456991680084,
    0.6757329648191278,
    0.6112566816514361,
    0.6341293350528673,
    0.6451044318307874,
    0.7320624275124951,
    0.6260535400495213,
    0.6534509176299685,
    0.6408832818054706,
    0.5939417295641714,
    0.6696484622157153,
    0.6125053968952504,
    0.7096769431280712,
    0.6512036927334675,
    0.6349663437702955,
    0.7666362699492153,
    0.7086732549240751,
    0.5498180133095724,
    0.6341128576369512,
    0.6010158023276886,
    0.5896979400089809,
    0.563140188288723,
    0.5347378325324726,
    0.5671168219561529,
    0.6447242469154567,
    0.7001101760809212,
    0.5804552441035514,
    0.5566008158920476,
    0.568469766156498,
    0.5973058754919583,
    0.5904002652367816,
    0.65567318254391,
    0.6034871258088864,
    0.5996041633349992,
    0.6302629710963966,
    0.6581741531861981,
    0.5654208922454977,
    0.5393823112588252,
    0.6095085076525442
  ],
  "train_acc": [
    0.27705627705627706,
    0.341991341991342,
    0.3953823953823954,
    0.4906204906204906,
    0.5339105339105339,
    0.6132756132756133,
    0.6883116883116883,
    0.7272727272727273,
    0.7518037518037518,
    0.7950937950937951,
    0.7922077922077922,
    0.7950937950937951,
    0.823953823953824,
    0.8354978354978355,
    0.8383838383838383,
    0.8225108225108225,
    0.8152958152958153,
    0.8874458874458875,
    0.8672438672438673,
    0.8658008658008658,
    0.886002886002886,
    0.9033189033189033,
    0.9076479076479076,
    0.9076479076479076,
    0.8946608946608947,
    0.9191919191919192,
    0.8614718614718615,
    0.911976911976912,
    0.9134199134199135,
    0.935064935064935,
    0.9408369408369408,
    0.9090909090909091,
    0.935064935064935,
    0.8932178932178932,
    0.9018759018759018,
    0.9177489177489178,
    0.847041847041847,
    0.886002886002886,
    0.9466089466089466,
    0.924963924963925,
    0.9365079365079365,
    0.948051948051948,
    0.9336219336219336,
    0.9595959595959596,
    0.9682539682539683,
    0.924963924963925,
    0.9177489177489178,
    0.9466089466089466,
    0.9538239538239538,
    0.9581529581529582,
    0.963924963924964,
    0.9422799422799423,
    0.9148629148629148,
    0.9494949494949495,
    0.9422799422799423,
    0.9682539682539683,
    0.9466089466089466,
    0.9552669552669553,
    0.9754689754689755,
    0.950937950937951
  ],
  "val_loss": [
    1.375097350070351,
    1.3153771684880842,
    1.2809518659323977,
    1.1887897148466946,
    1.0474613152052228,
    0.9092819282883092,
    0.8110689039815936,
    0.7518839574696725,
    0.7394792113387794,
    0.7057256886833593,
    0.6467054998665526,
    0.6699218373549612,
    0.6509862719920644,
    0.6334483895385474,
    0.594434192306117,
    0.6293221272920307,
    0.6078421609443531,
    0.563007935097343,
    0.629158616065979,
    0.5938001275062561,
    0.5743835861222786,
    0.6312796923152187,
    0.5918548619538023,
    0.5399552249071891,
    0.5621296899360523,
    0.5801278729187814,
    0.5649626788340116,
    0.575850600736183,
    0.58661351078435,
    0.5520410391322353,
    0.5662858381605985,
    0.5916734201866284,
    0.5577555256977416,
    0.5531308901937384,
    0.5554253960910597,
    0.5406845724373534,
    0.5511785243686876,
    0.5533211377629063,
    0.5650113559605783,
    0.5625729226229483,
    0.5653922913367289,
    0.55276676437311,
    0.564318060874939,
    0.5630057171771401,
    0.5741885199881437,
    0.5520385503768921,
    0.5523128269011515,
    0.5412341889582182,
    0.5420922521959272,
    0.5579652211122346,
    0.5656588328512091,
    0.5687695375660009,
    0.5602690682076571,
    0.5627411206563314,
    0.5487866610811468,
    0.5552116381494623,
    0.5553766572684572,
    0.5341606046024122,
    0.5449782473999157,
    0.5507187738753202
  ],
  "val_acc": [
    0.24561403508771928,
    0.42105263157894735,
    0.40350877192982454,
    0.5789473684210527,
    0.6666666666666666,
    0.7017543859649122,
    0.7719298245614035,
    0.8421052631578947,
    0.8245614035087719,
    0.8771929824561403,
    0.8596491228070176,
    0.8421052631578947,
    0.8771929824561403,
    0.8596491228070176,
    0.8596491228070176,
    0.8771929824561403,
    0.8596491228070176,
    0.9298245614035088,
    0.8596491228070176,
    0.8947368421052632,
    0.8947368421052632,
    0.8771929824561403,
    0.8947368421052632,
    0.9122807017543859,
    0.8947368421052632,
    0.9122807017543859,
    0.9122807017543859,
    0.8771929824561403,
    0.9122807017543859,
    0.9473684210526315,
    0.9473684210526315,
    0.9122807017543859,
    0.9122807017543859,
    0.9298245614035088,
    0.9298245614035088,
    0.9298245614035088,
    0.9473684210526315,
    0.9122807017543859,
    0.9298245614035088,
    0.9122807017543859,
    0.9122807017543859,
    0.9298245614035088,
    0.9298245614035088,
    0.9122807017543859,
    0.8947368421052632,
    0.9473684210526315,
    0.9473684210526315,
    0.9473684210526315,
    0.9473684210526315,
    0.9298245614035088,
    0.9122807017543859,
    0.9122807017543859,
    0.9122807017543859,
    0.9298245614035088,
    0.9473684210526315,
    0.9298245614035088,
    0.9298245614035088,
    0.9298245614035088,
    0.9298245614035088,
    0.9122807017543859
  ],
  "epoch_times": [
    0.1931445598602295,
    0.19272661209106445,
    0.19399523735046387,
    0.19014430046081543,
    0.1941697597503662,
    0.19948744773864746,
    0.1918962001800537,
    0.19318461418151855,
    0.19200420379638672,
    0.19089913368225098,
    0.1941230297088623,
    0.19160103797912598,
    0.19312357902526855,
    0.19309496879577637,
    0.19212698936462402,
    0.19289755821228027,
    0.19352364540100098,
    0.19377875328063965,
    0.1904454231262207,
    0.18953418731689453,
    0.18944072723388672,
    0.19047880172729492,
    0.19017314910888672,
    0.18928813934326172,
    0.1923670768737793,
    0.19326233863830566,
    0.19260334968566895,
    0.19327354431152344,
    0.19239187240600586,
    0.19141697883605957,
    0.19272446632385254,
    0.19144654273986816,
    0.19223570823669434,
    0.19157886505126953,
    0.1911613941192627,
    0.19513654708862305,
    0.1912093162536621,
    0.19224166870117188,
    0.1922457218170166,
    0.19107723236083984,
    0.19318866729736328,
    0.191436767578125,
    0.1921231746673584,
    0.1924898624420166,
    0.19181108474731445,
    0.1916055679321289,
    0.19205141067504883,
    0.1924445629119873,
    0.19329595565795898,
    0.19060015678405762,
    0.1914973258972168,
    0.19266033172607422,
    0.19137859344482422,
    0.19363951683044434,
    0.19165802001953125,
    0.19127726554870605,
    0.18933725357055664,
    0.18911337852478027,
    0.1883845329284668,
    0.18861174583435059
  ]
}