{
  "train_loss": [
    1.3888004579585351,
    1.387345956001447,
    1.3914962325777327,
    1.3845169342957533,
    1.3756509157486292,
    1.381542792567959,
    1.3895133532486952,
    1.3940111450302652,
    1.389839438648967,
    1.3845799438881152,
    1.3824249051866078,
    1.3841597961656975,
    1.3881864635459273,
    1.3793679661565013,
    1.3783270533466752,
    1.3875275225866408,
    1.3827882396194326,
    1.3835001719462408,
    1.3750995459494653,
    1.3708115078154064,
    1.3777081729013683,
    1.3769854425867916,
    1.3784130976829694,
    1.3864195470686083,
    1.3751390527337144,
    1.3608352482576906,
    1.3553316515761535,
    1.342302808513889,
    1.3514043474610233,
    1.3520958046892504,
    1.3299946908826952,
    1.3268832350190067,
    1.3232299471314335,
    1.3237907215630338,
    1.3195385272368725,
    1.2796250633347086,
    1.2828401992847394,
    1.2830791292768535,
    1.2871056150048326,
    1.2621455667338846,
    1.2747061954432235,
    1.2764720137501175,
    1.2455038941783823,
    1.2406708058856784,
    1.2212672667069868,
    1.1956946978837382,
    1.2027903826205761,
    1.1771957466612646,
    1.2145722624543425,
    1.178443049455618,
    1.1547854916873947,
    1.170645523896981,
    1.173983646677686
  ],
  "train_acc": [
    0.2510822510822511,
    0.27705627705627706,
    0.21645021645021645,
    0.30735930735930733,
    0.2943722943722944,
    0.2987012987012987,
    0.29004329004329005,
    0.2597402597402597,
    0.22077922077922077,
    0.2727272727272727,
    0.27705627705627706,
    0.30303030303030304,
    0.2597402597402597,
    0.31601731601731603,
    0.3116883116883117,
    0.24242424242424243,
    0.30303030303030304,
    0.2683982683982684,
    0.31601731601731603,
    0.30735930735930733,
    0.2987012987012987,
    0.2727272727272727,
    0.27705627705627706,
    0.2813852813852814,
    0.2987012987012987,
    0.3463203463203463,
    0.3593073593073593,
    0.36796536796536794,
    0.31601731601731603,
    0.3333333333333333,
    0.35064935064935066,
    0.3852813852813853,
    0.341991341991342,
    0.36796536796536794,
    0.3852813852813853,
    0.38095238095238093,
    0.3852813852813853,
    0.3939393939393939,
    0.3722943722943723,
    0.4458874458874459,
    0.37662337662337664,
    0.41125541125541126,
    0.43722943722943725,
    0.45454545454545453,
    0.46320346320346323,
    0.4329004329004329,
    0.4329004329004329,
    0.5064935064935064,
    0.4588744588744589,
    0.4675324675324675,
    0.4805194805194805,
    0.47619047619047616,
    0.5194805194805194
  ],
  "val_loss": [
    1.399207629655537,
    1.399343913061577,
    1.3960833319446497,
    1.3963710571590222,
    1.3959645158366154,
    1.3945393185866506,
    1.3964819929056,
    1.3970616533045184,
    1.399508139543366,
    1.3951392466561836,
    1.3962401758160508,
    1.3956066537321659,
    1.3948047893089162,
    1.3930791971976297,
    1.4020554287391795,
    1.3963001757337337,
    1.3946827921951026,
    1.3975793457867807,
    1.3930511370039822,
    1.3918214889994838,
    1.3983415407046937,
    1.4019158221127694,
    1.4242302388475652,
    1.4193683109785382,
    1.4357239760850604,
    1.4067339206996716,
    1.4248007954212658,
    1.491340340229503,
    1.4756992135131568,
    1.4613214940355534,
    1.4904114760850604,
    1.550227445468568,
    1.6786167998062937,
    1.5400757831439638,
    1.4968359073003132,
    1.57145581329078,
    1.637800053546303,
    1.499075082310459,
    1.5299067016233479,
    1.613344340993647,
    1.5562470649418079,
    1.5423007178724857,
    1.5045085852606255,
    1.578792224850571,
    1.5741940527631526,
    1.5273320026565016,
    1.5668083638475652,
    1.5769208669662476,
    1.6295687838604576,
    1.6285620697757655,
    1.6112245697724192,
    1.6818547667118542,
    1.600594031183343
  ],
  "val_acc": [
    0.17543859649122806,
    0.17543859649122806,
    0.17543859649122806,
    0.15789473684210525,
    0.19298245614035087,
    0.14035087719298245,
    0.15789473684210525,
    0.19298245614035087,
    0.17543859649122806,
    0.21052631578947367,
    0.22807017543859648,
    0.24561403508771928,
    0.22807017543859648,
    0.24561403508771928,
    0.14035087719298245,
    0.22807017543859648,
    0.2631578947368421,
    0.24561403508771928,
    0.22807017543859648,
    0.22807017543859648,
    0.2631578947368421,
    0.2807017543859649,
    0.3333333333333333,
    0.15789473684210525,
    0.2982456140350877,
    0.2982456140350877,
    0.2631578947368421,
    0.24561403508771928,
    0.21052631578947367,
    0.2807017543859649,
    0.2631578947368421,
    0.2631578947368421,
    0.2807017543859649,
    0.2631578947368421,
    0.2807017543859649,
    0.2631578947368421,
    0.22807017543859648,
    0.2631578947368421,
    0.22807017543859648,
    0.2631578947368421,
    0.2982456140350877,
    0.24561403508771928,
    0.2807017543859649,
    0.24561403508771928,
    0.22807017543859648,
    0.2982456140350877,
    0.2631578947368421,
    0.2807017543859649,
    0.2631578947368421,
    0.24561403508771928,
    0.22807017543859648,
    0.2631578947368421,
    0.2631578947368421
  ],
  "epoch_times": [
    0.0323939323425293,
    0.031101226806640625,
    0.030556917190551758,
    0.030403852462768555,
    0.031037092208862305,
    0.03066110610961914,
    0.03150320053100586,
    0.031389713287353516,
    0.03190016746520996,
    0.03041982650756836,
    0.03153347969055176,
    0.031598567962646484,
    0.03168964385986328,
    0.03044414520263672,
    0.031104326248168945,
    0.03053116798400879,
    0.030992507934570312,
    0.030922889709472656,
    0.0307314395904541,
    0.030185222625732422,
    0.03062725067138672,
    0.031459808349609375,
    0.030395984649658203,
    0.030558109283447266,
    0.030226707458496094,
    0.031218767166137695,
    0.030678749084472656,
    0.030883312225341797,
    0.03080010414123535,
    0.03108954429626465,
    0.030643701553344727,
    0.03075551986694336,
    0.030468463897705078,
    0.031063079833984375,
    0.030960559844970703,
    0.03093552589416504,
    0.030501842498779297,
    0.03027510643005371,
    0.03006744384765625,
    0.029581546783447266,
    0.030421972274780273,
    0.0298769474029541,
    0.03058171272277832,
    0.03148627281188965,
    0.030804872512817383,
    0.030215740203857422,
    0.030787944793701172,
    0.030416250228881836,
    0.03034830093383789,
    0.03141903877258301,
    0.029672622680664062,
    0.030768871307373047,
    0.030615568161010742
  ]
}